ID;ID2;date;Distance_um;d18O;OH;SE_permill;SE_percent
A;margin;10.09.2021;1310.467474;NA;0.1657;;0.02
A;355;10.09.2021;1275.305454;-7.8543718;0.0428;0.19;0.16
A;355;10.09.2021;1240.143943;-9.0668843;0.0504;0.19;0.1
A;355;10.09.2021;1205.215748;-7.1074641;0.0439;0.17;0.14
A;355;10.09.2021;1170.287571;-4.9249416;0.0433;0.18;0.06
A;355;10.09.2021;1135.126425;-5.8658513;0.0461;0.21;0.1
A;355;10.09.2021;1100.198164;-7.8543718;0.0449;0.14;0.11
A;355;10.09.2021;1065.269919;-7.5342685;0.0453;0.18;0.12
A;355;10.09.2021;1030.109218;-8.8049816;0.0469;0.21;0.06
A;355;10.09.2021;995.1808881;-8.7661812;0.0475;0.19;0.08
A;355;10.09.2021;960.2525709;-8.0968743;0.0485;0.2;0.19
A;355;10.09.2021;925.3242675;-8.4169776;0.0441;0.19;0.05
A;355;10.09.2021;890.1640298;-8.9601832;0.0455;0.13;0.15
A;355;10.09.2021;855.23564;-8.7855814;0.0472;0.2;0.1
A;355;10.09.2021;820.3072595;-7.7961712;0.0438;0.18;0.12
A;355;10.09.2021;785.1477568;-6.4478573;0.0412;0.18;0.13
A;355;10.09.2021;750.2193013;-7.5924691;0.0432;0.14;0.1
A;355;10.09.2021;715.2908499;-8.2520759;0.0458;0.19;0.17
A;355;11.09.2021;680.3624034;-8.8534821;0.0481;0.16;0.14
A;355;11.09.2021;645.2038438;-8.9989836;0.0476;0.2;0.09
A;355;11.09.2021;575.3468519;-9.1250849;0.0474;0.22;0.11
A;355;11.09.2021;539.2160977;-9.2123858;0.049;0.16;0.11
A;355;11.09.2021;503.3140173;-9.1250849;0.0507;0.2;0.04
A;355;11.09.2021;467.4120238;-8.9892835;0.0544;0.22;0.52
A;355;11.09.2021;431.2818104;-9.1444851;0.0513;0.14;0.07
A;355;11.09.2021;395.3795645;-8.9213828;0.0527;0.24;0.06
A;355;11.09.2021;359.4773985;-8.9116827;0.0517;0.21;0.05
A;355;11.09.2021;323.575339;-9.2220859;0.0515;0.17;0.04
A;355;11.09.2021;287.445647;-8.9310829;0.0534;0.21;0.11
A;355;11.09.2021;251.5432368;-8.5236787;0.0514;0.15;0.05
A;355;11.09.2021;215.6409052;NA;0.0599;0.32;0.16
A;355;11.09.2021;179.5132307;-10.104795;0.0615;0.23;0.04
A;355;11.09.2021;143.6105846;-9.9010929;0.0583;0.12;0.12
A;355;11.09.2021;107.7079384;-9.6488903;0.0574;0.16;0.07
A;355;11.09.2021;71.80529228;NA;0.0586;0.19;0.21
A;355;11.09.2021;35.6931366;-9.328787;0.0541;0.2;0.23
A;core;11.09.2021;0;-8.7661812;0.0517;0.2;0.11
B;margin;11.09.2021;2696.780488;NA;0.0373;0.24;0.14
B;356;11.09.2021;2660.941563;-7.9222725;0.0395;0.15;0.11
B;356;11.09.2021;2625.102855;-7.8446717;0.038;0.19;0.07
B;356;11.09.2021;2589.747671;-6.5254581;0.0394;0.17;0.22
B;356;11.09.2021;2553.90916;-6.2053548;0.038;0.22;0.05
B;356;11.09.2021;2518.55395;-8.0192735;0.0367;0.22;0.08
B;356;11.09.2021;2482.71565;-8.64978;0.0382;0.15;0.06
B;356;11.09.2021;2447.360415;-7.4081672;0.0369;0.17;0.03
B;356;11.09.2021;2412.005182;-5.0316427;0.037;0.24;0.18
B;356;11.09.2021;2376.167082;-6.6321592;0.0359;0.19;0.1
B;356;11.09.2021;2340.811825;-7.097764;0.0373;0.16;0.07
B;356;11.09.2021;2305.456571;-7.8931722;0.0396;0.22;0.08
B;356;11.09.2021;2269.61869;-7.7476707;0.0394;0.18;0.08
B;356;11.09.2021;2234.263413;-6.7582605;0.0387;0.16;0.05
B;356;11.09.2021;2198.4258;-5.4196467;0.0383;0.22;0.09
B;356;11.09.2021;2163.070503;-6.1762545;0.0356;0.18;0.11
B;356;11.09.2021;2127.715207;-7.1268643;0.034;0.15;0.23
B;356;11.09.2021;2091.877865;-7.6215694;0.0372;0.19;0.07
B;356;11.09.2021;2056.52255;-7.8640719;0.0379;0.15;0.05
B;356;11.09.2021;2020.685527;-7.6312695;0.0383;0.14;0.06
B;356;11.09.2021;1985.330199;-5.3711462;0.0367;0.16;0.07
B;356;11.09.2021;1949.974872;-5.7203498;0.0379;0.17;0.21
B;356;11.09.2021;1914.138187;-6.9910629;0.0365;0.16;0.11
B;356;11.09.2021;1878.782851;-6.6321592;0.0347;0.17;0.22
B;356;11.09.2021;1842.946554;-7.3790669;0.0366;0.15;0.11
B;356;11.09.2021;1807.591215;-7.3790669;0.0384;0.2;0.07
B;356;11.09.2021;1772.235876;-7.5439686;0.0378;0.13;0.17
B;356;11.09.2021;1736.400012;-7.3208663;0.0383;0.18;0.06
B;356;11.09.2021;1701.044679;-6.8358613;0.0373;0.17;0.14
B;356;11.09.2021;1665.209296;-6.7679606;0.0376;0.17;0.12
B;356;11.09.2021;1629.853981;-7.0686637;0.0389;0.16;0.04
B;356;11.09.2021;1594.498667;-7.4081672;0.0397;0.24;0.1
B;356;11.09.2021;1558.663851;-7.4081672;0.0397;0.2;0.17
B;356;11.09.2021;1523.30857;-7.4469676;0.0407;0.18;0.05
B;356;11.09.2021;1487.47437;-8.358777;0.0369;0.17;0.08
B;356;11.09.2021;1452.119141;-8.7273808;0.0363;0.2;0.09
B;356;11.09.2021;1416.763918;-8.8049816;0.0374;0.2;0.1
B;356;11.09.2021;1380.930483;-8.1259746;0.0391;0.17;0.09
B;356;11.09.2021;1345.575342;-8.164775;0.0409;0.21;0.1
B;356;11.09.2021;1309.742723;-7.6894701;0.0399;0.19;0.12
B;356;11.09.2021;1274.387696;-8.3199766;0.0389;0.16;0.06
B;356;11.09.2021;1238.153868;-8.9310829;0.0425;0.19;0.15
B;356;11.09.2021;1201.442883;-7.6312695;0.0437;0.2;0.06
B;356;11.09.2021;1165.208994;-6.1083538;0.0425;0.19;0.05
B;356;11.09.2021;1128.498117;-7.0783638;0.0452;0.16;0.07
B;356;11.09.2021;1092.264162;-7.2626657;0.0448;0.18;0.07
B;356;11.09.2021;1056.030303;-7.3499666;0.0442;0.16;0.07
B;356;11.09.2021;1019.319381;-8.0968743;0.0442;0.19;0.18
B;356;11.09.2021;983.085449;-8.1453748;0.0441;0.18;0.07
B;356;11.09.2021;946.3746615;-7.5730689;0.0441;0.2;0.12
B;356;11.09.2021;910.1406485;-8.6594801;0.0465;0.19;0.08
B;356;11.09.2021;873.9067456;-8.8728823;0.0456;0.22;0.09
B;356;11.09.2021;837.1959149;-9.0959846;0.0469;0.2;0.1
B;356;11.09.2021;800.9619217;-9.0474841;0.0449;0.22;0.08
B;356;11.09.2021;764.2512676;NA;0.0488;0.24;0.24
B;356;11.09.2021;728.0171701;NA;0.0509;0.29;0.07
B;356;11.09.2021;691.783203;NA;0.049;0.28;0.04
B;356;11.09.2021;655.0725151;NA;0.0498;0.23;0.06
B;356;11.09.2021;636.2672395;-8.7370809;0.0517;0.22;0.15
B;356;11.09.2021;582.1279928;-8.5333788;0.0497;0.17;0.12
B;356;11.09.2021;545.8937626;-8.6206797;0.0503;0.16;0.06
B;356;11.09.2021;509.6596904;NA;0.0494;0.3;0.09
B;356;11.09.2021;472.9492573;NA;0.0511;0.19;0.12
B;356;11.09.2021;436.71501;-8.6594801;0.0457;0.22;0.12
B;356;11.09.2021;400.005;-8.9601832;0.0456;0.21;0.09
B;356;11.09.2021;363.7705321;-7.8931722;0.0436;0.21;0.11
B;356;11.09.2021;327.5362575;-8.7758813;0.0423;0.13;0.11
B;356;11.09.2021;290.8264087;-9.2414861;0.0415;0.2;0.11
B;356;11.09.2021;254.5918302;-9.7846917;0.0414;0.15;0.05
B;356;11.09.2021;217.8829961;-9.3190869;0.0404;0.2;0.16
B;356;11.09.2021;181.6480113;-9.3481872;0.0405;0.17;0.19
B;356;11.09.2021;145.4132044;-8.3975774;0.0371;0.17;0.19
B;356;11.09.2021;108.7060256;-8.1356747;0.0397;0.15;0.1
B;356;11.09.2021;72.47068373;-8.5818793;0.0399;0.19;0.09
B;356;11.09.2021;35.77708764;-9.4645884;0.0389;0.13;0.11
B;core;11.09.2021;0;-8.2714761;0.0414;0.22;0.23
C;margin;11.09.2021;1977.842259;NA;0.1656;;0.06
C;391;11.09.2021;1942.411903;-7.0880639;0.0371;0.16;0.06
C;391;11.09.2021;1906.981909;-2.7133188;0.0375;0.17;0.07
C;391;11.09.2021;1872.199242;-6.4478573;0.0401;0.19;0.07
C;391;11.09.2021;1837.721687;-8.3684771;0.0398;0.21;0.1
C;391;11.09.2021;1802.93899;-5.157744;0.0355;0.24;0.06
C;391;11.09.2021;1768.461478;-7.2335654;0.0385;0.18;0.06
C;391;11.09.2021;1733.678748;-7.3305664;0.039;0.15;0.2
C;391;11.09.2021;1699.201283;-7.6215694;0.0369;0.12;0.07
C;391;11.09.2021;1664.418517;-5.8755514;0.0347;0.23;0.12
C;391;11.09.2021;1629.635849;-7.5439686;0.0374;0.17;0.09
C;391;11.09.2021;1595.158299;-8.7661812;0.0373;0.19;0.11
C;391;11.09.2021;1560.375596;-7.485768;0.036;0.2;0.05
C;391;11.09.2021;1525.898096;-7.6603698;0.0367;0.19;0.2
C;391;11.09.2021;1491.115354;-7.8931722;0.0381;0.18;0.09
C;391;11.09.2021;1456.63791;-7.3596667;0.0369;0.16;0.15
C;391;11.09.2021;1421.855126;-7.2626657;0.0387;0.17;0.09
C;391;11.09.2021;1387.377742;-6.127754;0.0398;0.15;0.15
C;391;11.09.2021;1352.594913;-6.7582605;0.0371;0.16;0.15
C;391;11.09.2021;1317.812202;-8.164775;0.0385;0.15;0.09
C;391;11.09.2021;1283.334719;-8.9795834;0.0399;0.22;0.1
C;391;11.09.2021;1248.551961;-8.5624791;0.0423;0.23;0.09
C;391;11.09.2021;1214.074545;-5.7882505;0.0377;0.18;0.14
C;391;11.09.2021;1179.291737;-7.2141652;0.0385;0.2;0.04
C;391;11.09.2021;1144.814395;-8.9601832;0.0384;0.2;0.07
C;391;11.09.2021;1110.031531;-8.9795834;0.0419;0.14;0.16
C;391;11.09.2021;1075.248808;-9.3093868;0.0434;0.2;0.11
C;391;11.09.2021;1040.771349;-8.9504831;0.0424;0.17;0.06
C;391;11.09.2021;1005.988569;-8.5721792;0.0429;0.16;0.31
C;391;11.09.2021;971.511194;-5.2838453;0.043;0.15;0.15
C;391;11.09.2021;936.7283491;-8.4072775;0.0382;0.19;0.14
C;391;11.09.2021;902.2510737;-8.5624791;0.0409;0.16;0.21
C;391;11.09.2021;867.468155;-8.3878773;0.0408;0.2;0.09
C;391;11.09.2021;832.9909963;-8.067774;0.042;0.19;0.17
C;391;11.09.2021;798.2079929;-7.9416727;0.0452;0.17;0.23
C;391;11.09.2021;763.4251764;-5.9046517;0.04;0.16;0.08
C;391;11.09.2021;728.9478719;-8.1259746;0.0444;0.14;0.08
C;391;11.09.2021;693.21281;-8.6400799;0.0455;0.2;0.14
C;391;11.09.2021;659.687805;-8.5139786;0.0438;0.16;0.08
C;391;11.09.2021;623.9527226;-9.3384871;0.0435;0.22;0.14
C;391;11.09.2021;590.427811;-7.7864711;0.043;0.16;0.15
C;391;11.09.2021;554.6927077;-7.4566677;0.0435;0.21;0.23
C;391;11.09.2021;520.8617859;-7.8155714;0.0411;0.23;0.12
C;391;11.09.2021;485.4327966;-8.0192735;0.0418;0.21;0.1
C;391;11.09.2021;451.6015943;-8.2520759;0.0438;0.17;0.1
C;391;11.09.2021;416.1730409;-7.7088703;0.0419;0.15;0.13
C;391;12.09.2021;382.3414704;-7.3014661;0.0403;0.17;0.03
C;391;12.09.2021;346.9135339;-7.8058713;0.0422;0.2;0.07
C;391;12.09.2021;313.081459;-7.7670709;0.0434;0.2;0.04
C;391;12.09.2021;277.3463539;-8.8146817;0.0443;0.13;0.06
C;391;12.09.2021;243.8216561;-7.8349716;0.0427;0.17;0.05
C;391;12.09.2021;208.0865205;-7.9416727;0.0428;0.15;0.07
C;391;12.09.2021;174.5623098;-8.1744751;0.0427;0.16;0.09
C;391;12.09.2021;138.8272308;-8.0774741;0.0463;0.19;0.12
C;391;12.09.2021;105.3043209;NA;0.0445;0.15;0.05
C;391;12.09.2021;69.57010852;-8.9989836;0.0426;0.19;0.17
C;391;12.09.2021;35.11409973;NA;0.0462;0.18;0.32
C;core;12.09.2021;0;-6.8746617;0.038;0.19;0.15
D;margin;12.09.2021;2732.676344;-8.0580739;0.0383;0.24;0.17
D;392;12.09.2021;2697.897329;-5.4196467;0.039;0.18;0.04
D;392;12.09.2021;2663.118473;-7.3693668;0.0379;0.17;0.05
D;392;12.09.2021;2628.33978;-6.4090569;0.0367;0.15;0.05
D;392;12.09.2021;2593.561258;-6.3411562;0.0342;0.2;0.09
D;392;12.09.2021;2558.782914;-3.5572275;0.0359;0.19;0.07
D;392;12.09.2021;2524.004754;-4.1586337;0.0363;0.22;0.07
D;392;12.09.2021;2489.226788;-6.6224591;0.0361;0.21;0.06
D;392;12.09.2021;2454.449022;-7.5924691;0.0349;0.14;0.07
D;392;12.09.2021;2419.671465;-8.4266777;0.0353;0.2;0.09
D;392;12.09.2021;2384.894128;-5.933752;0.0371;0.19;0.09
D;392;12.09.2021;2350.117018;-6.2635554;0.0355;0.2;0.14
D;392;12.09.2021;2315.340148;-7.1268643;0.036;0.16;0.14
D;392;12.09.2021;2280.226524;-8.2423758;0.0372;0.19;0.1
D;392;12.09.2021;2245.112915;-6.6321592;0.0374;0.19;0.11
D;392;12.09.2021;2209.999321;-6.8940619;0.0373;0.14;0.12
D;392;12.09.2021;2174.885744;-6.3993568;0.0352;0.23;0.08
D;392;12.09.2021;2139.772184;-7.2529656;0.0368;0.15;0.08
D;392;12.09.2021;2104.658642;-7.2432655;0.0406;0.2;0.09
D;392;12.09.2021;2069.545119;-8.1550749;0.0386;0.18;0.05
D;392;12.09.2021;2034.431616;-8.3975774;0.039;0.18;0.09
D;392;12.09.2021;1999.318134;-5.6524491;0.0361;0.12;0.04
D;392;12.09.2021;1964.204674;-6.7970609;0.0385;0.14;0.08
D;392;12.09.2021;1929.091237;-9.1735854;0.0436;0.21;0.16
D;392;12.09.2021;1893.977825;-9.2414861;0.0436;0.16;0.08
D;392;12.09.2021;1858.864438;-8.9989836;0.0434;0.19;0.08
D;392;12.09.2021;1823.75108;-8.6400799;0.041;0.23;0.14
D;392;12.09.2021;1788.63775;-8.5139786;0.0404;0.17;0.15
D;392;12.09.2021;1753.524451;-7.8446717;0.0389;0.17;0.09
D;392;12.09.2021;1718.411185;-6.2829556;0.0411;0.23;0.09
D;392;12.09.2021;1683.297953;-7.0201632;0.0403;0.18;0.03
D;392;12.09.2021;1648.184759;-8.2520759;0.0423;0.18;0.11
D;392;12.09.2021;1613.071604;-8.7273808;0.0401;0.22;0.16
D;392;12.09.2021;1577.958491;-8.5042785;0.0413;0.19;0.16
D;392;12.09.2021;1542.845423;-8.1259746;0.0406;0.16;0.16
D;392;12.09.2021;1507.732403;-7.9125724;0.0403;0.15;0.2
D;392;12.09.2021;1472.619435;-8.2423758;0.0404;0.19;0.18
D;392;12.09.2021;1437.506522;-6.6321592;0.0397;0.17;0.11
D;392;12.09.2021;1402.393668;-5.7106497;0.0394;0.16;0.1
D;392;12.09.2021;1367.280878;-7.0492635;0.0392;0.16;0.08
D;392;12.09.2021;1332.168158;-6.1180539;0.0406;0.19;0.04
D;392;12.09.2021;1297.055512;-6.0889536;0.0169;0.14;0.2
D;392;12.09.2021;1261.942946;-5.836751;0.0245;0.25;0.13
D;392;12.09.2021;1225.887434;-6.5351582;0.037;0.19;0.52
D;392;12.09.2021;1189.831921;-6.9522625;0.0398;0.21;0.35
D;392;12.09.2021;1153.776408;-7.67977;0.039;0.2;0.05
D;392;12.09.2021;1117.720895;-7.4469676;0.0384;0.19;0.09
D;392;12.09.2021;1081.665383;-5.9434521;0.0393;0.18;0.14
D;392;12.09.2021;1045.60987;-7.5924691;0.0393;0.15;0.15
D;392;12.09.2021;1009.554357;-7.4275674;0.0407;0.19;0.08
D;392;12.09.2021;973.4988444;-8.0871742;0.0398;0.2;0.06
D;392;12.09.2021;937.4433316;-7.8640719;0.0394;0.19;0.16
D;392;12.09.2021;901.3878189;-8.1259746;0.038;0.19;0.13
D;392;12.09.2021;865.3323061;-9.5712895;0.0388;0.17;0.14
D;392;12.09.2021;829.2767934;-9.2026857;0.0389;0.22;0.17
D;392;12.09.2021;793.2212806;-7.9804731;0.0396;0.17;0.15
D;392;12.09.2021;757.1657678;-8.5818793;0.0404;0.21;0.12
D;392;12.09.2021;721.1102551;-8.0386737;0.0413;0.21;0.08
D;392;12.09.2021;685.0547423;-6.9328623;0.0405;0.21;0.18
D;392;12.09.2021;648.9992296;-7.6409696;0.0423;0.15;0.18
D;392;12.09.2021;612.9437168;-7.776771;0.0429;0.18;0.15
D;392;12.09.2021;576.8882041;-7.2820659;0.0426;0.18;0.1
D;392;12.09.2021;540.8326913;-8.0774741;0.0416;0.22;0.12
D;392;12.09.2021;504.7771786;-7.9513728;0.0423;0.18;0.16
D;392;12.09.2021;468.7216658;-7.9222725;0.0423;0.17;0.1
D;392;12.09.2021;432.6661531;-7.000763;0.0418;0.21;0.11
D;392;12.09.2021;396.6106403;-8.0774741;0.0405;0.2;0.06
D;392;12.09.2021;360.5551275;-8.261776;0.0406;0.18;0.15
D;392;12.09.2021;324.4996148;-9.0571842;0.0423;0.16;0.14
D;392;12.09.2021;288.444102;-8.552779;0.0417;0.23;0.15
D;392;12.09.2021;252.3885893;-8.5721792;0.0409;0.22;0.17
D;392;12.09.2021;216.3330765;-9.1929856;0.0409;0.2;0.04
D;392;12.09.2021;180.2775638;-7.582769;0.0443;0.22;0.13
D;392;12.09.2021;144.222051;-8.4460779;0.0366;0.14;0.14
D;392;12.09.2021;108.1665383;-8.5430789;0.0358;0.19;0.12
D;392;12.09.2021;72.11102551;-7.9028723;0.0353;0.2;0.15
D;392;12.09.2021;36.05551275;-7.2432655;0.0403;0.21;0.17
D;core;12.09.2021;0;-8.4848783;0.0333;0.2;0.1
E;margin;12.09.2021;1576.780581;NA;0.0395;0.23;0.13
E;398;12.09.2021;1542.069389;-6.0695534;0.035;0.18;0.08
E;398;12.09.2021;1507.358285;-4.6048383;0.0388;0.14;0.24
E;398;12.09.2021;1472.647276;-6.7194601;0.0409;0.17;0.06
E;398;12.09.2021;1437.723896;-8.1744751;0.0425;0.19;0.07
E;398;12.09.2021;1403.01283;-6.5933588;0.0388;0.18;0.09
E;398;12.09.2021;1368.089544;-7.1462645;0.0372;0.21;0.15
E;398;12.09.2021;1333.378416;-8.3684771;0.0365;0.21;0.09
E;398;12.09.2021;1298.455236;-7.4760679;0.038;0.18;0.3
E;398;12.09.2021;1263.744041;-6.0501532;0.0359;0.2;0.12
E;398;12.09.2021;1229.032953;-7.0589636;0.0347;0.13;0.13
E;398;12.09.2021;1194.10971;-8.1065744;0.04;0.2;0.06
E;398;12.09.2021;1159.398551;-5.6912495;0.0356;0.19;0.05
E;398;12.09.2021;1124.475433;-7.1268643;0.035;0.18;0.15
E;398;12.09.2021;1089.764195;-7.6506697;0.0365;0.17;0.08
E;398;12.09.2021;1054.84122;-8.455778;0.0367;0.21;0.16
E;398;12.09.2021;1020.129894;-7.7864711;0.0368;0.2;0.11
E;398;12.09.2021;985.2070848;-8.6982805;0.039;0.29;0.17
E;398;12.09.2021;950.4956602;-7.2626657;0.0407;0.22;0.04
E;398;12.09.2021;915.7843633;-6.1762545;0.0366;0.2;0.03
E;398;12.09.2021;880.8615101;-7.8640719;0.0352;0.15;0.08
E;398;12.09.2021;846.1501049;-8.0483738;0.0355;0.24;0.11
E;398;12.09.2021;811.227465;-7.3596667;0.036;0.18;0.08
E;398;12.09.2021;776.5159367;-8.1744751;0.0368;0.2;0.14
E;398;12.09.2021;741.5935544;-8.8340819;0.036;0.16;0.05
E;398;12.09.2021;706.8818855;-8.8243818;0.0348;0.18;0.07
E;398;12.09.2021;671.9598202;-9.5518893;0.0436;0.17;0.23
E;398;12.09.2021;637.2479894;-8.1065744;0.0378;0.14;0.09
E;398;12.09.2021;602.536306;-9.037784;0.0386;0.24;0.06
E;398;12.09.2021;567.6143057;-7.8834721;0.0395;0.16;0.08
E;398;12.09.2021;532.9024301;-6.1665544;0.0374;0.23;0.06
E;398;12.09.2021;497.9809233;-7.6700699;0.0392;0.23;0.07
E;398;12.09.2021;463.2688204;-7.5051682;0.0371;0.2;0.13
E;398;12.09.2021;428.3479894;-7.7282705;0.0368;0.21;0.08
E;398;12.09.2021;393.6356183;-7.388767;0.0385;0.2;0.07
E;398;12.09.2021;357.7373338;-7.5342685;0.0396;0.17;0.1
E;398;12.09.2021;322.0465805;-7.8252715;0.0389;0.23;0.14
E;398;12.09.2021;286.3564213;-9.4839886;0.0407;0.24;0.14
E;398;12.09.2021;250.4575812;-9.7458913;0.0416;0.18;0.14
E;398;12.09.2021;214.7673159;-9.4354881;0.0402;0.16;0.1
E;398;12.09.2021;178.8686669;-9.4548883;0.0402;0.21;0.05
E;398;12.09.2021;143.1782106;-9.9980939;0.0395;0.22;0.09
E;398;12.09.2021;107.2800075;-9.1832855;0.0401;0.2;0.08
E;398;12.09.2021;71.58910532;-9.813792;0.0412;0.21;0.06
E;398;12.09.2021;35.6931366;-9.2414861;0.0383;0.14;0.06
E;core;12.09.2021;0;-9.0862845;0.0409;0.16;0.13
F;margin;12.09.2021;1554.916075;-7.6894701;0.0372;0.19;0.19
F;405;12.09.2021;1519.563753;-7.7961712;0.0367;0.18;0.19
F;405;12.09.2021;1484.211575;-7.6991702;0.038;0.19;0.07
F;405;12.09.2021;1448.859552;-6.8358613;0.0367;0.13;0.1
F;405;12.09.2021;1413.507694;-4.3623358;0.0377;0.2;0.08
F;405;12.09.2021;1378.156014;-4.8570409;0.0383;0.21;0.13
F;405;12.09.2021;1342.804528;-5.6136487;0.0368;0.2;0.14
F;405;12.09.2021;1306.461251;-6.806761;0.0395;0.18;0.06
F;405;12.09.2021;1270.118105;-7.4760679;0.0377;0.17;0.09
F;405;12.09.2021;1233.775101;-8.7564811;0.0323;0.14;0.1
F;405;12.09.2021;1197.432253;-9.2026857;0.0378;0.21;0.11
F;405;12.09.2021;1161.089574;-7.8931722;0.0354;0.16;0.15
F;405;12.09.2021;1124.747083;-8.358777;0.0344;0.17;0.13
F;405;12.09.2021;1088.404796;-8.8728823;0.0347;0.22;0.16
F;405;12.09.2021;1052.062736;-8.4169776;0.0363;0.16;0.1
F;405;12.09.2021;1015.720926;-8.7661812;0.0374;0.23;0.08
F;405;12.09.2021;979.3793953;-8.7370809;0.0414;0.17;0.04
F;405;12.09.2021;943.0381753;-8.5721792;0.0412;0.27;0.1
F;405;12.09.2021;906.6973034;-7.0686637;0.0383;0.16;0.08
F;405;12.09.2021;870.3568234;-7.1850649;0.0367;0.16;0.05
F;405;12.09.2021;834.0167864;-8.5236787;0.0398;0.18;0.04
F;405;12.09.2021;797.677253;-8.843782;0.0403;0.16;0.27
F;405;12.09.2021;761.3382954;-9.1056847;0.0386;0.14;0.11
F;405;12.09.2021;725;-9.4160879;0.0405;0.2;0.05
F;405;12.09.2021;688.6624718;-8.8631822;0.042;0.2;0.06
F;405;12.09.2021;652.3258388;-8.5236787;0.0384;0.17;0.09
F;405;12.09.2021;615.9902597;-8.9310829;0.039;0.15;0.2
F;405;12.09.2021;579.6559324;-8.7952815;0.0393;0.18;0.14
F;405;12.09.2021;543.3231083;-9.134785;0.0404;0.15;0.1
F;405;12.09.2021;507.1015677;-9.4936887;0.0403;0.23;0.12
F;405;12.09.2021;470.8800272;-8.8534821;0.0406;0.18;0.1
F;405;12.09.2021;434.6584866;-8.6303798;0.0409;0.2;0.13
F;405;12.09.2021;398.4369461;-8.7952815;0.0407;0.2;0.13
F;405;12.09.2021;362.2154055;-9.3772875;0.0404;0.15;0.16
F;405;12.09.2021;325.993865;-8.7855814;0.0406;0.2;0.14
F;405;12.09.2021;289.7723244;-8.6691802;0.0413;0.2;0.15
F;405;12.09.2021;253.5507839;-8.6788803;0.0405;0.24;0.13
F;405;12.09.2021;217.3292433;-9.037784;0.0404;0.2;0.05
F;405;12.09.2021;181.1077028;-8.4945784;0.0396;0.25;0.08
F;405;12.09.2021;144.8861622;-9.2802865;0.0401;0.18;0.1
F;405;12.09.2021;108.6646217;-9.1735854;0.0395;0.23;0.28
F;405;12.09.2021;72.44308111;-8.6303798;0.0385;0.23;0.05
F;405;12.09.2021;36.22154055;-8.5236787;0.0377;0.17;0.06
F;core;12.09.2021;0;-7.4954681;0.0385;0.25;0.06
G;margin;12.09.2021;1655.899152;NA;0.0375;0.31;0.16
G;411;12.09.2021;1620.771421;-7.3984671;0.0394;0.19;0.04
G;411;12.09.2021;1585.643718;-5.5845484;0.0378;0.17;0.1
G;411;12.09.2021;1550.516043;-3.9646317;0.0363;0.18;0.06
G;411;12.09.2021;1515.388399;-4.8570409;0.038;0.18;0.05
G;411;12.09.2021;1480.260788;-4.8473408;0.0391;0.15;0.12
G;411;12.09.2021;1445.133212;-6.9231622;0.0389;0.17;0.14
G;411;12.09.2021;1410.005674;-7.8446717;0.0385;0.21;0.08
G;411;12.09.2021;1373.882455;-5.7300499;0.0388;0.2;0.13
G;411;12.09.2021;1337.759321;-7.8252715;0.0427;0.22;0.07
G;411;12.09.2021;1301.636278;-6.2344551;0.042;0.19;0.21
G;411;12.09.2021;1265.513335;-7.6021692;0.0414;0.2;0.17
G;411;12.09.2021;1229.390499;-7.9998733;0.043;0.2;0.06
G;411;12.09.2021;1193.267782;-7.000763;0.0429;0.17;0.05
G;411;12.09.2021;1157.145194;-7.7476707;0.0436;0.26;0.12
G;411;12.09.2021;1121.022747;-7.1074641;0.0406;0.17;0.2
G;411;12.09.2021;1084.900456;-7.4954681;0.0397;0.23;0.1
G;411;12.09.2021;1048.778337;-6.5545584;0.0398;0.24;0.14
G;411;12.09.2021;1012.656408;-4.1489336;0.0413;0.2;0.14
G;411;12.09.2021;976.5346896;-3.9549316;0.0425;0.2;0.12
G;411;12.09.2021;940.4132071;-5.1965444;0.0416;0.18;0.13
G;411;12.09.2021;904.2919882;-6.3411562;0.0435;0.13;0.19
G;411;12.09.2021;868.1710661;-6.7970609;0.0421;0.21;0.11
G;411;12.09.2021;832.0504792;-6.3120559;0.0417;0.2;0.12
G;411;12.09.2021;795.9302733;-6.9619626;0.0432;0.19;0.1
G;411;12.09.2021;759.8105027;-7.67977;0.0429;0.21;0.16
G;411;12.09.2021;723.6912325;-7.776771;0.045;0.17;0.16
G;411;12.09.2021;687.5725416;-7.2529656;0.0434;0.18;0.12
G;411;12.09.2021;651.4545264;-7.3596667;0.0436;0.23;0.07
G;411;12.09.2021;615.3373059;-7.5051682;0.0434;0.17;0.16
G;411;12.09.2021;579.2210286;-8.1744751;0.0442;0.22;0.08
G;411;12.09.2021;543.1058829;-9.3869876;0.0447;0.19;0.04
G;411;12.09.2021;506.9921104;-8.9795834;0.0447;0.27;0.05
G;411;12.09.2021;470.8800272;-9.0765844;0.0459;0.17;0.05
G;411;12.09.2021;434.6584866;-8.2035754;0.044;0.22;0.07
G;411;12.09.2021;398.4369461;-7.8834721;0.0428;0.24;0.08
G;411;12.09.2021;362.2154055;-5.7009496;0.0412;0.19;0.13
G;411;12.09.2021;325.993865;-7.8058713;0.0418;0.23;0.06
G;411;12.09.2021;289.7723244;-8.3975774;0.0448;0.18;0.07
G;411;12.09.2021;253.5507839;-8.0483738;0.0399;0.2;0.04
G;411;12.09.2021;217.3292433;-9.2608863;0.0398;0.19;0.06
G;411;12.09.2021;181.1077028;-9.6391902;0.0407;0.22;0.07
G;411;12.09.2021;144.8861622;-8.5139786;0.0383;0.18;0.1
G;411;12.09.2021;108.6646217;-9.0280839;0.0423;0.21;0.1
G;411;12.09.2021;72.44308111;-9.1056847;0.0394;0.16;0.08
G;411;12.09.2021;36.22154055;-9.1832855;0.0417;0.2;0.03
G;core;12.09.2021;0;-8.2520759;0.0372;0.18;0.04
H;margin;12.09.2021;2225.202238;NA;0.0974;2.16;1.05
H;418;12.09.2021;2190.20547;-6.8455614;0.0289;0.14;0.19
H;418;12.09.2021;2155.208807;-5.6815494;0.0343;0.19;0.16
H;418;12.09.2021;2120.212254;-5.0025424;0.0314;0.18;0.11
H;418;12.09.2021;2085.215816;-6.0210529;0.0336;0.14;0.1
H;418;12.09.2021;2050.2195;-6.8940619;0.0315;0.21;0.42
H;418;12.09.2021;2015.223313;-7.8349716;0.0339;0.15;0.11
H;418;12.09.2021;1980.22726;-6.9522625;0.0349;0.23;0.11
H;418;12.09.2021;1945.231349;-4.5563378;0.0345;0.2;0.11
H;418;12.09.2021;1910.235588;-5.73975;0.0342;0.14;0.08
H;418;12.09.2021;1875.239985;-6.9910629;0.034;0.2;0.21
H;418;12.09.2021;1840.244549;-7.0492635;0.0332;0.22;0.06
H;418;12.09.2021;1805.24929;-6.6030589;0.0378;0.17;0.04
H;418;12.09.2021;1770.254219;-5.836751;0.0388;0.19;0.21
H;418;12.09.2021;1735.259347;-4.6921392;0.0384;0.18;0.1
H;418;12.09.2021;1700.264685;-6.8843618;0.0345;0.15;0.1
H;418;12.09.2021;1665.270248;-7.1462645;0.0353;0.21;0.14
H;418;12.09.2021;1630.27605;-6.6418593;0.0338;0.22;0.06
H;418;12.09.2021;1602.112668;-8.261776;0.035;0.17;0.23
H;418;12.09.2021;1560.288435;-7.3208663;0.0356;0.16;0.08
H;418;12.09.2021;1525.295053;-7.0880639;0.0381;0.11;0.16
H;418;12.09.2021;1490.301983;-6.0016527;0.0415;0.18;0.14
H;418;12.09.2021;1455.309245;-6.5739586;0.0429;0.19;0.16
H;418;12.09.2021;1420.316866;-6.6612595;0.0385;0.21;0.06
H;418;12.09.2021;1385.324872;-7.1171642;0.0385;0.17;0.04
H;418;12.09.2021;1350.333292;-7.3596667;0.0367;0.19;0.1
H;418;12.09.2021;1315.342161;-7.1559646;0.0396;0.21;0.14
H;418;12.09.2021;1280.351514;-6.9231622;0.0398;0.18;0.16
H;418;12.09.2021;1244.742544;-6.7000599;0.0402;0.14;0.19
H;418;12.09.2021;1209.133574;-6.3411562;0.0409;0.17;0.24
H;418;12.09.2021;1173.524606;-6.6418593;0.0414;0.21;0.19
H;418;12.09.2021;1137.915638;-7.3499666;0.0416;0.18;0.05
H;418;12.09.2021;1102.306672;-7.2044651;0.0409;0.19;0.07
H;418;12.09.2021;1066.697708;-7.2820659;0.0388;0.18;0.11
H;418;12.09.2021;1031.088745;-7.9416727;0.0383;0.24;0.09
H;418;12.09.2021;995.4797838;-7.9222725;0.0388;0.18;0.06
H;418;12.09.2021;959.8708246;-7.8252715;0.0396;0.24;0.11
H;418;12.09.2021;924.2618677;-7.3693668;0.0411;0.16;0.08
H;418;12.09.2021;888.6529131;-7.6894701;0.0422;0.19;0.06
H;418;12.09.2021;853.0439614;-7.9222725;0.0435;0.2;0.08
H;418;12.09.2021;817.4350127;-8.2229756;0.0422;0.23;0.12
H;418;12.09.2021;781.8260676;-6.9328623;0.0432;0.16;0.08
H;418;12.09.2021;746.2171266;-7.1753648;0.0427;0.21;0.11
H;418;12.09.2021;710.6081902;-6.1665544;0.0408;0.19;0.06
H;418;12.09.2021;674.9992593;-7.4372675;0.0411;0.21;0.04
H;418;12.09.2021;639.3903346;-7.6506697;0.0418;0.19;0.1
H;418;12.09.2021;603.7814174;-7.9416727;0.0427;0.22;0.07
H;418;12.09.2021;568.172509;-6.9328623;0.0427;0.18;0.06
H;418;12.09.2021;532.5636112;-7.8640719;0.041;0.2;0.04
H;418;12.09.2021;496.9547263;-8.5042785;0.0408;0.22;0.06
H;418;12.09.2021;461.3458572;-8.3781772;0.0413;0.17;0.05
H;418;12.09.2021;425.737008;-8.552779;0.0435;0.21;0.05
H;418;12.09.2021;390.1281841;-7.6603698;0.043;0.15;0.06
H;418;12.09.2021;354.519393;-7.6506697;0.0407;0.2;0.17
H;418;12.09.2021;318.9106458;-8.0095734;0.0397;0.24;0.08
H;418;12.09.2021;283.301959;-8.1550749;0.0392;0.18;0.1
H;418;12.09.2021;247.6933588;-8.7564811;0.0386;0.18;0.11
H;418;12.09.2021;212.0848887;-8.6303798;0.0425;0.21;0.15
H;418;12.09.2021;176.4766273;-9.4160879;0.044;0.2;0.11
H;418;12.09.2021;140.8687332;-8.358777;0.0382;0.26;0.1
H;418;12.09.2021;105.2615789;-7.9610729;0.0391;0.14;0.06
H;418;12.09.2021;69.65629907;-8.2714761;0.0407;0.17;0.11
H;418;12.09.2021;34.82814953;-7.7961712;0.0398;0.2;0.15
H;core;12.09.2021;0;-8.0871742;0.0405;0.2;0.14
I;margin;13.09.2021;2544.882119;-6.9619626;0.0376;0.21;0.2
I;419;13.09.2021;2510.678195;-7.0298633;0.0291;0.2;0.09
I;419;13.09.2021;2476.474308;-7.5245684;0.0306;0.21;0.08
I;419;13.09.2021;2442.27046;-5.3032455;0.0297;0.16;0.09
I;419;13.09.2021;2408.066652;-6.4866577;0.0289;0.14;0.21
I;419;13.09.2021;2373.241665;-6.9425624;0.0295;0.19;0.06
I;419;13.09.2021;2338.416772;-4.4690369;0.0294;0.18;0.4
I;419;13.09.2021;2303.591978;-6.7194601;0.0291;0.21;0.07
I;419;13.09.2021;2268.767286;-7.1268643;0.0285;0.17;0.1
I;419;13.09.2021;2233.942703;-7.0880639;0.0314;0.18;0.28
I;419;13.09.2021;2199.118232;-5.2838453;0.0299;0.19;0.23
I;419;13.09.2021;2164.29388;-5.545748;0.0297;0.18;0.09
I;419;13.09.2021;2129.469652;-6.0404531;0.0306;0.2;0.2
I;419;13.09.2021;2094.645555;-7.5342685;0.0296;0.19;0.04
I;419;13.09.2021;2059.821594;-6.4769576;0.031;0.15;0.31
I;419;13.09.2021;2024.997778;-4.9152415;0.0291;0.19;0.04
I;419;13.09.2021;1990.174113;-5.6912495;0.0319;0.2;0.1
I;419;13.09.2021;1955.350608;-7.582769;0.0287;0.2;0.1
I;419;13.09.2021;1920.527271;-8.9698833;0.0304;0.14;0.25
I;419;13.09.2021;1885.704113;-8.5236787;0.0355;0.19;0.14
I;419;13.09.2021;1850.881142;-5.8561512;0.0323;0.2;0.07
I;419;13.09.2021;1816.058369;-5.642749;0.0319;0.18;0.06
I;419;13.09.2021;1780.449381;-7.5924691;0.0326;0.21;0.11
I;419;13.09.2021;1744.840394;;0.0295;0.16;0.15
I;419;13.09.2021;1709.231406;;0.0346;0.27;0.12
I;419;13.09.2021;1673.622419;-8.3102765;0.0357;0.17;0.05
I;419;13.09.2021;1638.013431;-5.4681472;0.0337;0.18;0.1
I;419;13.09.2021;1602.404443;-6.8843618;0.0353;0.19;0.19
I;419;13.09.2021;1566.795456;-8.1259746;0.0354;0.18;0.11
I;419;13.09.2021;1531.186468;-7.7379706;0.0376;0.2;0.13
I;419;13.09.2021;1495.57748;-6.2150549;0.036;0.18;0.22
I;419;13.09.2021;1459.968493;-7.0492635;0.0386;0.17;0.16
I;419;13.09.2021;1424.359505;-8.0192735;0.0347;0.16;0.21
I;419;13.09.2021;1388.750518;-8.2229756;0.0357;0.16;0.2
I;419;13.09.2021;1353.14153;-7.6894701;0.0383;0.13;0.14
I;419;13.09.2021;1317.532542;-7.3208663;0.0386;0.2;0.17
I;419;13.09.2021;1281.923555;-5.6233488;0.0368;0.13;0.17
I;419;13.09.2021;1246.314567;-7.3790669;0.0386;0.16;0.17
I;419;13.09.2021;1210.705579;-7.4469676;0.0356;0.16;0.16
I;419;13.09.2021;1175.096592;-8.5624791;0.0334;0.14;0.18
I;419;13.09.2021;1139.487604;-7.8640719;0.0374;0.24;0.05
I;419;13.09.2021;1103.878617;-6.9910629;0.0389;0.14;0.13
I;419;13.09.2021;1068.269629;-5.1480439;0.0368;0.19;0.14
I;419;13.09.2021;1032.660641;-6.5060579;0.0384;0.19;0.12
I;419;13.09.2021;997.0516536;-7.0201632;0.0361;0.18;0.08
I;419;13.09.2021;961.442666;-7.6215694;0.0373;0.12;0.12
I;419;13.09.2021;925.8336784;-7.3596667;0.0369;0.16;0.17
I;419;13.09.2021;890.2246907;-7.2626657;0.0403;0.16;0.09
I;419;13.09.2021;854.6157031;-6.8649616;0.0402;0.18;0.05
I;419;13.09.2021;819.0067155;-7.0298633;0.0403;0.14;0.1
I;419;13.09.2021;783.3977278;-5.351746;0.0369;0.18;0.06
I;419;13.09.2021;747.7887402;-5.9725524;0.0394;0.16;0.16
I;419;13.09.2021;712.1797526;-7.0104631;0.038;0.17;0.13
I;419;13.09.2021;676.570765;-6.9813628;0.0386;0.2;0.06
I;419;13.09.2021;640.9617773;-7.6506697;0.0393;0.14;0.14
I;419;13.09.2021;605.3527897;-7.7961712;0.0395;0.21;0.1
I;419;13.09.2021;569.7438021;-7.8446717;0.0395;0.15;0.12
I;419;13.09.2021;534.1348144;-8.2035754;0.0397;0.18;0.13
I;419;13.09.2021;498.5258268;-8.2423758;0.0382;0.2;0.09
I;419;13.09.2021;462.9168392;-7.8543718;0.036;0.14;0.05
I;419;13.09.2021;427.3078516;-7.3693668;0.0354;0.18;0.09
I;419;13.09.2021;391.6988639;-7.4954681;0.0404;0.21;0.2
I;419;13.09.2021;356.0898763;-8.2229756;0.0403;0.2;0.19
I;419;13.09.2021;320.4808887;-7.6409696;0.0391;0.19;0.13
I;419;13.09.2021;284.871901;-7.485768;0.0391;0.2;0.19
I;419;13.09.2021;249.2629134;-8.1550749;0.0378;0.18;0.16
I;419;13.09.2021;213.6539258;-7.3693668;0.0381;0.19;0.09
I;419;13.09.2021;178.0449381;-7.9222725;0.0371;0.21;0.11
I;419;13.09.2021;142.4359505;-7.5633688;0.0391;0.22;0.14
I;419;13.09.2021;106.8269629;-6.8843618;0.0392;0.18;0.1
I;419;13.09.2021;71.21797526;-5.6621492;0.0377;0.17;0.15
I;419;13.09.2021;35.60898763;-6.6612595;0.0381;0.16;0.12
I;core;13.09.2021;0;-8.1453748;0.0347;0.14;0.11
J;margin;13.09.2021;1895.83148;-2.0731122;0.0355;0.16;0.08
J;1767;13.09.2021;1860.955131;-0.8605997;0.0346;0.18;0.11
J;1767;13.09.2021;1826.079133;-2.1022125;0.0342;0.17;0.08
J;1767;13.09.2021;1791.640868;-1.5881072;0.0335;0.18;0.19
J;1767;13.09.2021;1757.202606;-3.1983238;0.0328;0.19;0.11
J;1767;13.09.2021;1722.764348;-3.4311262;0.0337;0.17;0.21
J;1767;13.09.2021;1688.326094;-1.0546017;0.0334;0.17;0.08
J;1767;13.09.2021;1653.887844;-2.8200199;0.035;0.14;0.1
J;1767;13.09.2021;1619.449598;-2.8006197;0.0338;0.2;0.06
J;1767;13.09.2021;1585.011356;-1.956711;0.0334;0.19;0.08
J;1767;13.09.2021;1550.57312;-2.6745184;0.0336;0.16;0.05
J;1767;13.09.2021;1515.697199;-3.1789236;0.0346;0.21;0.05
J;1767;13.09.2021;1481.258924;-2.0149116;0.0338;0.17;0.06
J;1767;13.09.2021;1446.820652;-3.3535254;0.0339;0.2;0.12
J;1767;13.09.2021;1412.382384;-3.7318293;0.0353;0.13;0.15
J;1767;13.09.2021;1377.944121;-3.4408263;0.0327;0.21;0.14
J;1767;13.09.2021;1343.505862;-1.8694101;0.032;0.17;0.11
J;1767;13.09.2021;1309.067607;-3.3438253;0.0342;0.16;0.07
J;1767;13.09.2021;1274.629358;-4.5369376;0.0319;0.18;0.07
J;1767;13.09.2021;1240.191114;-3.896731;0.0356;0.24;0.06
J;1767;13.09.2021;1205.752877;-4.2362345;0.0374;0.19;0.14
J;1767;13.09.2021;1170.877022;-2.635718;0.0365;0.14;0.17
J;1767;13.09.2021;1136.438736;-4.4011362;0.037;0.2;0.09
J;1767;13.09.2021;1102.000454;-4.8473408;0.0362;0.21;0.05
J;1767;13.09.2021;1067.562176;-5.0316427;0.0347;0.21;0.05
J;1767;13.09.2021;1033.123904;-4.478737;0.0359;0.17;0.09
J;1767;13.09.2021;998.6856362;-1.6851082;0.0377;0.2;0.16
J;1767;13.09.2021;964.2473749;-3.120723;0.042;0.17;0.06
J;1767;13.09.2021;929.8091202;-3.9646317;0.0355;0.19;0.14
J;1767;13.09.2021;895.3708729;-3.8773308;0.0361;0.14;0.12
J;1767;13.09.2021;860.9326338;-4.0519326;0.0373;0.18;0.11
J;1767;13.09.2021;826.0568988;-3.896731;0.0383;0.15;0.12
J;1767;13.09.2021;791.618595;-4.0519326;0.0368;0.21;0.11
J;1767;13.09.2021;757.1802956;-4.3138353;0.0378;0.15;0.09
J;1767;13.09.2021;722.742001;-4.9249416;0.042;0.22;0.09
J;1767;13.09.2021;688.303712;-1.8694101;0.0409;0.19;0.08
J;1767;13.09.2021;653.8654296;-3.1013228;0.0408;0.23;0.07
J;1767;13.09.2021;619.4271547;-3.4214261;0.0404;0.19;0.07
J;1767;13.09.2021;584.9888888;-3.4505264;0.0401;0.18;0.06
J;1767;13.09.2021;550.5506335;-4.1295334;0.0383;0.21;0.13
J;1767;13.09.2021;516.1123909;-4.3914361;0.04;0.15;0.06
J;1767;13.09.2021;481.2369479;-5.254745;0.0465;0.18;0.13
J;1767;13.09.2021;446.7986124;-4.187734;0.0386;0.18;0.04
J;1767;13.09.2021;412.3602794;-3.993732;0.0354;0.13;0.04
J;1767;13.09.2021;377.9219496;-4.1392335;0.04;0.24;0.12
J;1767;13.09.2021;343.4836241;-3.7221292;0.0391;0.14;0.16
J;1767;13.09.2021;309.0453041;-4.2556347;0.0388;0.2;0.11
J;1767;13.09.2021;274.6069919;-3.2662245;0.038;0.2;0.11
J;1767;13.09.2021;240.1686907;-4.2556347;0.0369;0.16;0.17
J;1767;13.09.2021;205.7304061;-3.4699266;0.036;0.17;0.12
J;1767;13.09.2021;170.8566651;-3.6348283;0.038;0.17;0.15
J;1767;13.09.2021;136.8539367;-1.3650049;0.0385;0.15;0.17
J;1767;13.09.2021;101.9803903;-4.1295334;0.041;0.15;0.04
J;1767;13.09.2021;67.9779376;-2.344715;0.0377;0.19;0.14
J;1767;13.09.2021;33.10589071;-3.5281272;0.035;0.23;0.18
J;core;13.09.2021;0;-3.9743318;0.0328;0.23;0.1
K;margin;13.09.2021;1626.532508;NA;0.0554;1.17;2.62
K;1772;13.09.2021;1591.73396;-2.7812195;0.0357;0.19;0.09
K;1772;13.09.2021;1556.936736;-1.4038053;0.0317;0.2;0.07
K;1772;13.09.2021;1522.140926;-0.9964011;0.0323;0.18;0.12
K;1772;13.09.2021;1487.346631;-2.4611162;0.0348;0.17;0.07
K;1772;13.09.2021;1452.553958;-2.5678173;0.0351;0.19;0.07
K;1772;13.09.2021;1417.763027;-1.9664111;0.0344;0.19;0.12
K;1772;13.09.2021;1382.230082;-0.1815927;0.0323;0.19;0.11
K;1772;13.09.2021;1346.701155;-1.6075074;0.0338;0.14;0.19
K;1772;13.09.2021;1311.176571;-3.4311262;0.0332;0.21;0.13
K;1772;13.09.2021;1275.656694;-3.3729256;0.0345;0.18;0.04
K;1772;13.09.2021;1240.141927;-3.3244251;0.0377;0.16;0.13
K;1772;13.09.2021;1204.632724;-0.4240952;0.0336;0.23;0.05
K;1772;13.09.2021;1169.129591;-2.1216127;0.0342;0.17;0.15
K;1772;13.09.2021;1133.633098;-3.2274241;0.0328;0.2;0.05
K;1772;13.09.2021;1098.143889;-2.926721;0.0341;0.19;0.13
K;1772;13.09.2021;1062.662693;-1.8403098;0.0361;0.12;0.08
K;1772;13.09.2021;1027.190343;-1.5008063;0.0367;0.15;0.09
K;1772;13.09.2021;991.7277852;-2.9558213;0.0352;0.19;0.14
K;1772;13.09.2021;956.2761108;-3.0043218;0.0351;0.21;0.19
K;1772;13.09.2021;920.8365762;-3.896731;0.0376;0.22;0.06
K;1772;13.09.2021;885.4106392;-4.0616327;0.0375;0.16;0.14
K;1772;13.09.2021;850;-4.0810329;0.0374;0.13;0.12
K;1772;13.09.2021;814.6066535;-4.7600399;0.0379;0.15;0.05
K;1772;13.09.2021;779.2329562;-3.5960279;0.0404;0.18;0.13
K;1772;13.09.2021;743.881711;-1.9470109;0.0385;0.14;0.11
K;1772;13.09.2021;708.5562786;-1.7724091;0.0391;0.17;0.2
K;1772;13.09.2021;672.542192;-2.9073208;0.0405;0.16;0.26
K;1772;13.09.2021;636.5532185;-3.9355314;0.0413;0.18;0.14
K;1772;13.09.2021;600.5938728;-4.4981372;0.0403;0.23;0.11
K;1772;13.09.2021;564.669815;-4.3526357;0.0405;0.19;0.12
K;1772;13.09.2021;528.7882374;-4.4302365;0.0412;0.19;0.08
K;1772;13.09.2021;492.9584161;-4.1683338;0.0412;0.21;0.15
K;1772;13.09.2021;457.1925196;-4.4011362;0.0412;0.15;0.1
K;1772;13.09.2021;421.5068208;-4.7309396;0.0447;0.19;0.04
K;1772;13.09.2021;385.9235676;-4.6630389;0.0423;0.23;0.11
K;1772;13.09.2021;350.4739648;-4.6242385;0.0404;0.17;0.04
K;1772;13.09.2021;315.2031091;-4.7503398;0.0403;0.18;0.02
K;1772;13.09.2021;280.1785145;-4.4108363;0.0381;0.2;0.13
K;1772;13.09.2021;245.5056008;-4.8279406;0.0371;0.18;0.11
K;1772;13.09.2021;211.357517;-5.0510429;0.0369;0.17;0.22
K;1772;13.09.2021;178.0365131;-5.1965444;0.04;0.18;0.16
K;1772;13.09.2021;146.1095479;-5.060743;0.0404;0.22;0.17
K;1772;13.09.2021;116.7261753;-4.7212395;0.0398;0.14;0.12
K;1772;13.09.2021;92.34717104;-4.8958413;0.0399;0.17;0.15
K;1772;13.09.2021;77.82673063;-4.8376407;0.0403;0.15;0.14
K;1772;13.09.2021;72.47068373;-4.4399366;0.0396;0.19;0.13
K;1772;13.09.2021;36.23534186;-4.7212395;0.0428;0.2;0.08
K;core;13.09.2021;0;-3.0722225;0.0336;0.21;0.08
L;margin;13.09.2021;1722.919035;-1.2680039;0.0342;0.24;0.2
L;1774;13.09.2021;1687.536074;-2.4999166;0.0364;0.12;0.08
L;1774;13.09.2021;1652.153141;-1.8791102;0.035;0.21;0.06
L;1774;13.09.2021;1616.770237;-0.2591935;0.0342;0.16;0.1
L;1774;14.09.2021;1581.387366;-0.9285004;0.0358;0.23;0.06
L;1774;14.09.2021;1546.678053;-2.2865144;0.0351;0.17;0.06
L;1774;14.09.2021;1511.29514;-2.3253148;0.0355;0.15;0.09
L;1774;14.09.2021;1475.91226;-2.247714;0.038;0.14;0.16
L;1774;14.09.2021;1441.20297;-2.8685204;0.035;0.18;0.1
L;1774;14.09.2021;1405.820045;-2.0343118;0.0386;0.19;0.14
L;1774;14.09.2021;1370.437157;-1.4814061;0.0383;0.21;0.13
L;1774;14.09.2021;1335.727891;-2.7812195;0.036;0.19;0.13
L;1774;14.09.2021;1300.344954;-3.1304231;0.0324;0.17;0.06
L;1774;14.09.2021;1264.962055;-3.5281272;0.0345;0.2;0.05
L;1774;14.09.2021;1230.25282;-3.2371242;0.0372;0.2;0.08
L;1774;14.09.2021;1194.869867;-3.4602265;0.0393;0.18;0.16
L;1774;14.09.2021;1159.486956;-3.2856247;0.041;0.16;0.18
L;1774;14.09.2021;1124.777756;-0.9576007;0.0397;0.18;0.07
L;1774;14.09.2021;1089.394786;-2.4708163;0.0381;0.14;0.12
L;1774;14.09.2021;1054.01186;-3.3923258;0.0357;0.18;0.19
L;1774;14.09.2021;1019.302703;-3.1013228;0.0372;0.16;0.05
L;1774;14.09.2021;983.9197122;-2.9655214;0.038;0.19;0.05
L;1774;14.09.2021;948.5367679;-3.3826257;0.0385;0.2;0.04
L;1774;14.09.2021;913.8276643;-3.3923258;0.0416;0.18;0.21
L;1774;14.09.2021;878.4446482;-1.665708;0.036;0.19;0.06
L;1774;14.09.2021;843.0616822;-1.9179106;0.0405;0.17;0.14
L;1774;14.09.2021;808.3526458;-3.3826257;0.0418;0.17;0.11
L;1774;14.09.2021;772.9695984;-3.4020259;0.0405;0.17;0.07
L;1774;14.09.2021;737.5866051;-3.9549316;0.042;0.16;0.15
L;1774;14.09.2021;702.8776565;-3.5475274;0.0422;0.22;0.08
L;1774;14.09.2021;667.4945693;-3.4796267;0.0441;0.2;0.07
L;1774;14.09.2021;632.1115408;-4.672739;0.0471;0.26;0.06
L;1774;14.09.2021;596.7285815;-4.2944351;0.0477;0.16;0.06
L;1774;14.09.2021;562.0195726;-4.7309396;0.0478;0.15;0.05
L;1774;14.09.2021;526.636497;-4.4108363;0.0467;0.23;0.05
L;1774;14.09.2021;491.2534987;-4.6145384;0.0456;0.2;0.05
L;1774;14.09.2021;456.5446309;-5.0219426;0.045;0.21;0.04
L;1774;14.09.2021;421.1614892;-4.9831422;0.0463;0.19;0.08
L;1774;14.09.2021;385.7784338;-4.5660379;0.0477;0.21;0.35
L;1774;14.09.2021;351.0697936;-4.3332355;0.0452;0.21;0.1
L;1774;14.09.2021;315.6865534;NA;0.047;0.22;0.12
L;1774;14.09.2021;280.303407;-3.9452315;0.0403;0.17;0.14
L;1774;14.09.2021;245.5951954;-4.3332355;0.0395;0.21;0.09
L;1774;14.09.2021;210.211798;-4.7115394;0.0385;0.18;0.06
L;1774;14.09.2021;174.8284874;-4.4496367;0.0409;0.2;0.1
L;1774;14.09.2021;140.121376;-5.3711462;0.0403;0.2;0.13
L;1774;14.09.2021;104.7377678;-4.1101332;0.0407;0.17;0.09
L;1774;14.09.2021;69.35416354;-4.8958413;0.04;0.16;0.16
L;1774;14.09.2021;34.6554469;-4.4690369;0.038;0.19;0.09
L;core;14.09.2021;0;-3.5863278;0.0384;0.17;0.08
M;margin;14.09.2021;1872.677228;-0.6859979;0.0302;0.16;0.15
M;1776;14.09.2021;1837.451768;-1.5202065;0.0315;0.16;0.19
M;1776;14.09.2021;1802.226401;-2.247714;0.0352;0.21;0.1
M;1776;14.09.2021;1767.993213;-2.4708163;0.0364;0.23;0.21
M;1776;14.09.2021;1732.642491;-3.0916227;0.0323;0.19;0.08
M;1776;14.09.2021;1698.409256;-1.6366077;0.0331;0.16;0.09
M;1776;14.09.2021;1663.183995;-1.7045084;0.0339;0.24;0.06
M;1776;14.09.2021;1628.825344;-0.4919959;0.0335;0.18;0.07
M;1776;14.09.2021;1594.592111;0.7108165;0.0351;0.15;0.09
M;1776;14.09.2021;1559.366859;-2.6260179;0.0336;0.19;0.05
M;1776;14.09.2021;1525.008197;-2.7036187;0.035;0.16;0.22
M;1776;14.09.2021;1489.78287;-3.0819226;0.0328;0.17;0.13
M;1776;14.09.2021;1455.549724;-3.1498233;0.0358;0.17;0.06
M;1776;14.09.2021;1421.19105;-3.1595234;0.0328;0.16;0.2
M;1776;14.09.2021;1385.965728;-3.605728;0.0326;0.19;0.23
M;1776;14.09.2021;1351.732592;-3.4214261;0.0402;0.19;0.16
M;1776;14.09.2021;1316.381784;-1.9276107;0.0362;0.17;0.08
M;1776;14.09.2021;1282.148587;-0.6665977;0.0336;0.15;0.13
M;1776;14.09.2021;1247.915462;0.0609098;0.0317;0.16;0.12
M;1776;14.09.2021;1212.564637;-1.0740019;0.0335;0.17;0.1
M;1776;14.09.2021;1178.331447;-1.4911062;0.0348;0.2;0.22
M;1776;14.09.2021;1143.106294;-1.8888103;0.0344;0.17;0.11
M;1776;14.09.2021;1108.747492;-2.4223158;0.0348;0.16;0.04
M;1776;14.09.2021;1074.514309;-2.1798133;0.0299;0.21;0.1
M;1776;14.09.2021;1039.163606;-3.6445284;0.032;0.21;0.16
M;1776;14.09.2021;1004.930346;-3.9064311;0.0314;0.18;0.19
M;1776;14.09.2021;969.7051098;-3.1789236;0.031;0.17;0.17
M;1776;14.09.2021;935.3464599;-4.1198333;0.033;0.17;0.07
M;1776;14.09.2021;901.1132004;-3.702729;0.0322;0.19;0.08
M;1776;14.09.2021;865.8879835;-4.0519326;0.0333;0.16;0.15
M;1776;14.09.2021;831.529314;-4.6242385;0.0269;0.18;0.51
M;1776;14.09.2021;796.3039621;-3.8773308;0.0326;0.16;0.24
M;1776;14.09.2021;762.0708628;-3.6154281;0.0376;0.19;0.04
M;1776;14.09.2021;723.1714873;-3.5184271;0.0438;0.22;0.17
M;1776;14.09.2021;692.486823;-4.1586337;0.0391;0.15;0.13
M;1776;14.09.2021;658.2537505;-4.8570409;0.041;0.16;0.19
M;1776;14.09.2021;622.9028817;-5.0025424;0.0405;0.17;0.15
M;1776;14.09.2021;588.6696867;-5.0995434;0.0404;0.2;0.16
M;1776;14.09.2021;553.4446675;-4.6436387;0.0408;0.19;0.2
M;1776;14.09.2021;519.0857347;-4.6533388;0.0409;0.17;0.1
M;1776;14.09.2021;484.8525549;-4.8958413;0.0398;0.16;0.04
M;1776;14.09.2021;449.6276237;-4.4302365;0.0409;0.2;0.08
M;1776;14.09.2021;415.2685878;-4.8764411;0.0419;0.18;0.07
M;1776;14.09.2021;380.0434186;-4.4496367;0.0404;0.21;0.08
M;1776;14.09.2021;345.6848276;-4.3041352;0.0394;0.24;0.13
M;1776;14.09.2021;311.4514408;-4.4884371;0.038;0.19;0.2
M;1776;14.09.2021;276.2263565;-4.0519326;0.0382;0.17;0.11
M;1776;14.09.2021;241.8677324;-4.5175374;0.0384;0.19;0.2
M;1776;14.09.2021;206.6422029;-4.1586337;0.0392;0.2;0.18
M;1776;14.09.2021;172.4093965;-5.1383438;0.0394;0.23;0.13
M;1776;14.09.2021;138.1774222;-5.1286437;0.0371;0.2;0.24
M;1776;14.09.2021;102.8250942;-4.2265344;0.0362;0.17;0.08
M;1776;14.09.2021;68.59300256;-4.2944351;0.038;0.13;0.08
M;1776;14.09.2021;33.24154028;-4.5854381;0.0392;0.19;0.11
M;core;14.09.2021;0;-4.3429356;0.04;0.21;0.11
N;margin;14.09.2021;1480.217889;-1.5105064;0.0361;0.19;0.08
N;1877;14.09.2021;1444.994118;-2.5581172;0.0372;0.19;0.16
N;1877;14.09.2021;1409.770549;-2.9946217;0.038;0.13;0.05
N;1877;14.09.2021;1375.640215;-3.3826257;0.0368;0.18;0.08
N;1877;14.09.2021;1341.411943;-2.3156147;0.0397;0.18;0.05
N;1877;14.09.2021;1307.281531;-2.0634121;0.0413;0.24;0.13
N;1877;14.09.2021;1276.070531;0.2840121;0.0365;0.15;0.06
N;1877;14.09.2021;1237.927704;-1.9955114;0.0373;0.16;0.06
N;1877;14.09.2021;1203.797325;-2.2768143;0.0356;0.18;0.13
N;1877;14.09.2021;1169.569151;-2.7812195;0.0367;0.17;0.09
N;1877;14.09.2021;1134.443476;-2.7521192;0.0379;0.2;0.07
N;1877;14.09.2021;1100.313137;-2.7230189;0.0385;0.19;0.03
N;1877;14.09.2021;1066.084893;-2.8200199;0.0372;0.13;0.1
N;1877;14.09.2021;1031.954456;-2.2962145;0.0358;0.15;0.09
N;1877;14.09.2021;997.7264154;-3.1304231;0.0372;0.19;0.06
N;1877;14.09.2021;962.6006441;-3.4408263;0.0408;0.18;0.09
N;1877;14.09.2021;928.4702472;-2.1798133;0.041;0.21;0.12
N;1877;14.09.2021;894.2421372;-0.9770009;0.0362;0.23;0.1
N;1877;14.09.2021;860.1116207;-1.665708;0.0386;0.22;0.25
N;1877;14.09.2021;824.8884773;-2.7230189;0.041;0.2;0.1
N;1877;14.09.2021;790.7578643;-3.0916227;0.0395;0.19;0.18
N;1877;14.09.2021;756.6273852;-3.6833288;0.0388;0.16;0.14
N;1877;14.09.2021;722.399474;-4.3623358;0.0398;0.18;0.06
N;1877;14.09.2021;687.2735991;-4.3138353;0.0432;0.19;0.06
N;1877;14.09.2021;653.0459402;-3.6348283;0.0431;0.16;0.08
N;1877;14.09.2021;618.91518;-4.3720359;0.0449;0.24;0.06
N;1877;14.09.2021;584.7845757;-5.3614461;0.0474;0.17;0.14
N;1877;14.09.2021;550.5569907;-4.3041352;0.0379;0.14;0.16
N;1877;14.09.2021;515.4308877;-4.1683338;0.0384;0.2;0.07
N;1877;14.09.2021;481.2036991;-4.1974341;0.0408;0.17;0.1
N;1877;14.09.2021;447.072701;-4.6436387;0.0414;0.19;0.05
N;1877;14.09.2021;412.9418845;-4.3429356;0.0419;0.19;0.11
N;1877;14.09.2021;377.7194726;-4.1198333;0.0409;0.23;0.07
N;1877;14.09.2021;343.5884166;-4.0422325;0.038;0.13;0.09
N;1877;14.09.2021;309.45759;-4.4011362;0.0377;0.19;0.21
N;1877;14.09.2021;275.2308122;-4.3235354;0.0381;0.2;0.17
N;1877;14.09.2021;241.0995645;-4.3623358;0.038;0.17;0.05
N;1877;14.09.2021;205.878605;-5.2741452;0.0393;0.2;0.08
N;1877;14.09.2021;171.7469068;-4.5369376;0.0408;0.26;0.07
N;1877;14.09.2021;137.6154061;-5.0122425;0.0391;0.16;0.22
N;1877;14.09.2021;103.3924562;-4.4884371;0.0387;0.15;0.08
N;1877;14.09.2021;68.26419266;-4.6630389;0.0379;0.18;0.12
N;1877;14.09.2021;35.05709629;-4.7406397;0.0382;0.18;0.14
N;core;14.09.2021;0;-4.3138353;0.0387;0.17;0.08
O;margin;14.09.2021;2012.168234;NA;0.0451;0.42;0.82
O;1922;14.09.2021;1977.07056;-4.3138353;0.0374;0.25;0.09
O;1922;14.09.2021;1941.973481;-4.3041352;0.0361;0.18;0.06
O;1922;14.09.2021;1906.238705;-4.1101332;0.0328;0.2;0.08
O;1922;14.09.2021;1871.45398;-3.1304231;0.032;0.18;0.12
O;1922;14.09.2021;1835.719205;-3.2468243;0.0385;0.2;0.06
O;1922;14.09.2021;1800.93448;-5.0801432;0.0333;0.18;0.11
O;1922;14.09.2021;1765.199705;-3.9355314;0.0319;0.15;0.12
O;1922;14.09.2021;1730.414979;-3.1692235;0.0356;0.18;0.09
O;1922;14.09.2021;1694.680206;-5.642749;0.0331;0.15;0.14
O;1922;14.09.2021;1659.895479;-4.2944351;0.0298;0.16;0.12
O;1922;14.09.2021;1624.160706;-3.508727;0.0305;0.18;0.09
O;1922;14.09.2021;1589.375978;-5.5069476;0.034;0.17;0.05
O;1922;14.09.2021;1553.641207;-4.1780339;0.0304;0.2;0.23
O;1922;14.09.2021;1517.906453;-2.4320159;0.0313;0.18;0.1
O;1922;14.09.2021;1483.121708;-5.060743;0.0302;0.2;0.08
O;1922;14.09.2021;1447.386956;-5.4778473;0.0331;0.21;0.07
O;1922;14.09.2021;1412.602209;-5.5554481;0.0338;0.15;0.15
O;1922;14.09.2021;1376.867459;-2.9558213;0.0316;0.21;0.07
O;1922;14.09.2021;1342.08271;-5.0510429;0.0325;0.16;0.16
O;1922;14.09.2021;1306.347963;-5.3226457;0.0347;0.16;0.07
O;1922;14.09.2021;1271.563211;-6.0113528;0.038;0.16;0.27
O;1922;14.09.2021;1235.828467;-3.5766277;0.0319;0.2;0.18
O;1922;14.09.2021;1201.043713;-5.060743;0.0337;0.19;0.05
O;1922;14.09.2021;1165.308972;-5.9531522;0.0343;0.2;0.09
O;1922;14.09.2021;1129.574256;-6.2829556;0.035;0.18;0.07
O;1922;14.09.2021;1094.789477;-4.3914361;0.0344;0.22;0.04
O;1922;14.09.2021;1059.054767;-4.9928423;0.0347;0.16;0.1
O;1922;14.09.2021;1024.269984;-6.6612595;0.0324;0.15;0.06
O;1922;14.09.2021;988.5352801;-6.8940619;0.0367;0.17;0.07
O;1922;14.09.2021;953.7504915;-6.0598533;0.0367;0.17;0.11
O;1922;14.09.2021;918.0157951;-6.0501532;0.0408;0.22;0.04
O;1922;14.09.2021;883.2310004;-4.1295334;0.04;0.13;0.1
O;1922;14.09.2021;847.4963127;-6.0598533;0.0389;0.21;0.09
O;1922;14.09.2021;812.7115109;-6.2344551;0.0381;0.2;0.1
O;1922;14.09.2021;776.9768336;-6.4672575;0.0391;0.15;0.08
O;1922;14.09.2021;741.2422006;-6.5060579;0.0393;0.17;0.15
O;1922;14.09.2021;706.1451692;-5.3711462;0.0414;0.16;0.14
O;1922;14.09.2021;670.7227445;-4.0519326;0.039;0.17;0.11
O;1922;14.09.2021;635.625676;-6.6321592;0.043;0.15;0.09
O;1922;14.09.2021;600.2032989;-5.4584471;0.0383;0.2;0.09
O;1922;14.09.2021;565.1061847;-6.8940619;0.0385;0.14;0.06
O;1922;14.09.2021;529.683868;-6.3993568;0.0425;0.19;0.09
O;1922;14.09.2021;494.5866961;-6.2926557;0.0417;0.18;0.05
O;1922;14.09.2021;459.1644586;-6.8261612;0.0438;0.19;0.13
O;1922;14.09.2021;424.0672117;-6.1859546;0.0422;0.17;0.08
O;1922;14.09.2021;388.6450823;-5.4972475;0.04;0.21;0.09
O;1922;14.09.2021;352.5975042;-5.6136487;0.0404;0.16;0.14
O;1922;14.09.2021;318.1257613;-6.903762;0.0417;0.15;0.11
O;1922;14.09.2021;282.0780034;-5.9434521;0.0414;0.19;0.1
O;1922;14.09.2021;247.6065427;-7.000763;0.0396;0.27;0.03
O;1922;14.09.2021;211.5585025;-6.1471542;0.0366;0.17;0.17
O;1922;14.09.2021;177.087549;-7.6409696;0.0388;0.24;0.05
O;1922;14.09.2021;141.0390017;-5.0995434;0.0359;0.19;0.09
O;1922;14.09.2021;106.5692263;-5.0995434;0.0365;0.2;0.1
O;1922;14.09.2021;70.51950085;-6.2441552;0.0374;0.19;0.08
O;1922;14.09.2021;34.78505426;-6.3702565;0.0382;0.14;0.08
O;core;14.09.2021;0;-5.9628523;0.0351;0.18;0.1
P;margin;14.09.2021;1285.645363;-6.9425624;0.0325;0.22;0.15
P;424;14.09.2021;1250.41793;-7.2141652;0.0394;0.18;0.2
P;424;14.09.2021;1215.19052;-4.3429356;0.0358;0.21;0.14
P;424;14.09.2021;1179.963135;-5.8658513;0.0342;0.24;0.05
P;424;14.09.2021;1145.729898;-6.418757;0.0317;0.18;0.05
P;424;14.09.2021;1110.502589;-7.6603698;0.0327;0.18;0.11
P;424;14.09.2021;1076.377722;-7.485768;0.031;0.15;0.1
P;424;14.09.2021;1041.150325;-7.8252715;0.0327;0.19;0.07
P;424;14.09.2021;1006.917077;-7.8058713;0.0339;0.22;0.14
P;424;14.09.2021;971.6897653;-7.7476707;0.0339;0.17;0.08
P;424;14.09.2021;937.5649311;-6.8164611;0.0345;0.17;0.11
P;424;14.09.2021;902.33752;-5.2935454;0.0323;0.18;0.07
P;424;14.09.2021;868.1042564;-5.5845484;0.0362;0.21;0.11
P;424;14.09.2021;832.8769417;-5.9919526;0.0383;0.17;0.05
P;424;14.09.2021;798.7521518;-7.8834721;0.0371;0.21;0.08
P;424;14.09.2021;763.5247213;-5.9143518;0.037;0.19;0.11
P;424;14.09.2021;729.2914369;-6.0889536;0.037;0.14;0.07
P;424;14.09.2021;694.0641181;-6.8358613;0.0405;0.23;0.07
P;424;14.09.2021;659.831039;-6.8261612;0.0438;0.16;0.14
P;424;14.09.2021;624.7119336;-8.0192735;0.0418;0.24;0.08
P;424;14.09.2021;590.4786194;-7.4566677;0.0428;0.18;0.04
P;424;14.09.2021;555.2512945;-7.7961712;0.0409;0.17;0.03
P;424;14.09.2021;521.0182338;-7.6409696;0.0436;0.21;0.04
P;424;14.09.2021;485.8991665;-7.1462645;0.0421;0.25;0.14
P;424;14.09.2021;451.6658057;-8.1356747;0.0507;0.31;1.26
P;424;14.09.2021;416.4384708;-6.6418593;0.0389;0.17;0.08
P;424;14.09.2021;382.2054421;-7.5439686;0.0402;0.21;0.05
P;424;14.09.2021;347.0864446;-6.4866577;0.042;0.19;0.08
P;424;14.09.2021;312.8530006;-6.6903598;0.0451;0.17;0.07
P;424;14.09.2021;277.6256472;-5.9046517;0.0429;0.13;0.03
P;424;14.09.2021;243.3926868;-6.7679606;0.0423;0.1;0.05
P;424;14.09.2021;208.2738582;-6.3702565;0.0418;0.22;0.04
P;424;14.09.2021;173.0462366;-6.8940619;0.0422;0.19;0.07
P;424;14.09.2021;137.8187215;-7.6021692;0.0421;0.29;0.1
P;424;14.09.2021;102.5914226;-8.1162745;0.0385;0.21;0.06
P;424;14.09.2021;68.46897107;-7.8252715;0.0389;0.17;0.08
P;424;14.09.2021;34.23448554;-6.7679606;0.0394;0.2;0.11
P;core;14.09.2021;0;-7.0589636;0.0392;0.21;0.15
2;rim;17.09.2021;1567.713303;-5.5069476;0.0309;0.14;0.07
2;91068;17.09.2021;1531.941579;-5.6524491;0.0312;0.24;0.11
2;91068;17.09.2021;1496.170111;-6.2441552;0.0326;0.2;0.05
2;91068;17.09.2021;1461.732192;-5.3226457;0.031;0.21;0.05
2;91068;17.09.2021;1410.675016;-3.8579306;0.0307;0.16;0.21
2;91068;17.09.2021;1391.954022;-4.3332355;0.0299;0.17;0.07
2;91068;17.09.2021;1356.613799;-5.4293468;0.0331;0.23;0.1
2;91068;17.09.2021;1322.175858;-6.6903598;0.0347;0.19;0.1
2;91068;17.09.2021;1287.737939;-6.418757;0.0319;0.19;0.06
2;91068;17.09.2021;1252.3977;-7.3790669;0.0327;0.18;0.05
2;91068;17.09.2021;1217.959769;-4.0422325;0.032;0.19;0.22
2;91068;17.09.2021;1182.61955;-7.8834721;0.0359;0.12;0.08
2;91068;17.09.2021;1148.181606;-8.7176807;0.0307;0.21;0.08
2;91068;17.09.2021;1112.841408;-10.3472975;0.032;0.18;0.1
2;91068;17.09.2021;1078.40345;-9.3675874;0.0333;0.16;0.09
2;91068;17.09.2021;1043.965517;-9.8913928;0.038;0.17;0.09
2;91068;17.09.2021;1008.625302;-9.3093868;0.0378;0.2;0.07
2;91068;17.09.2021;989.7807838;-8.7661812;0.0375;0.2;0.04
2;91068;17.09.2021;938.8471654;-6.6224591;0.041;0.18;0.08
2;91068;17.09.2021;904.4091994;-6.70976;0.0387;0.19;0.07
2;91068;17.09.2021;869.0690421;-7.5633688;0.0377;0.19;0.06
2;91068;17.09.2021;834.6310562;-7.9513728;0.0389;0.16;0.15
2;91068;17.09.2021;800.1931017;-8.1259746;0.0376;0.17;0.17
2;91068;17.09.2021;764.852927;-6.9522625;0.0362;0.19;0.16
2;91068;17.09.2021;730.4149506;-7.8155714;0.0394;0.21;0.09
2;91068;17.09.2021;695.0748161;-7.8543718;0.0379;0.14;0.07
2;91068;17.09.2021;660.636814;-7.6894701;0.0387;0.17;0.09
2;91068;17.09.2021;626.1988502;-7.776771;0.0369;0.16;0.11
2;91068;17.09.2021;590.8586972;-5.6039486;0.034;0.18;0.14
2;91068;17.09.2021;556.4207041;-4.5660379;0.0332;0.16;0.11
2;91068;17.09.2021;521.080608;-6.6030589;0.0376;0.15;0.11
2;91068;17.09.2021;486.6425793;-7.0201632;0.0355;0.2;0.12
2;91068;17.09.2021;451.3025593;-7.388767;0.0348;0.15;0.05
2;91068;17.09.2021;416.8644864;-8.4751782;0.0452;0.21;0.19
2;91068;17.09.2021;382.4264635;-8.2229756;0.0349;0.17;0.08
2;91068;17.09.2021;347.0864446;-7.5439686;0.0357;0.14;0.12
2;91068;17.09.2021;312.6483648;-6.8843618;0.0369;0.14;0.1
2;91068;17.09.2021;277.3084925;-7.8349716;0.036;0.22;0.03
2;91068;17.09.2021;242.8703358;-7.8834721;0.0348;0.16;0.13
2;91068;17.09.2021;208.4322432;-9.1153848;0.0455;0.2;0.15
2;91068;17.09.2021;173.0924608;-9.0183838;0.0349;0.19;0.11
2;91068;17.09.2021;138.6542462;-8.9213828;0.0352;0.19;0.21
2;91068;17.09.2021;103.3150521;-9.2026857;0.0362;0.17;0.06
2;91068;17.09.2021;68.87670143;-9.5421892;0.0351;0.19;0.09
2;91068;17.09.2021;33.54101966;-10.0465944;0.0338;0.13;0.13
2;core;17.09.2021;0;-9.8234921;0.0335;0.19;0.08
3;rim;17.09.2021;1463.321222;-2.3641152;0.0321;0.11;0.14
3;91117;17.09.2021;1427.966736;-4.6048383;0.035;0.23;0.11
3;91117;17.09.2021;1392.612293;-5.7009496;0.0382;0.17;0.1
3;91117;17.09.2021;1357.257897;-4.0131322;0.0331;0.24;0.11
3;91117;17.09.2021;1320.912563;-3.1789236;0.0321;0.17;0.07
3;91117;17.09.2021;1285.558244;-4.6242385;0.0359;0.11;0.23
3;91117;17.09.2021;1250.203983;-5.933752;0.0407;0.18;0.04
3;91117;17.09.2021;1213.992586;-3.4990269;0.0326;0.12;0.08
3;91117;17.09.2021;1178.638197;-3.5378273;0.034;0.19;0.08
3;91117;17.09.2021;1142.29287;-4.2459346;0.0377;0.16;0.07
3;91117;17.09.2021;1106.938571;-5.6815494;0.0369;0.21;0.11
3;91117;17.09.2021;1071.718247;-6.418757;0.0364;0.14;0.05
3;91117;17.09.2021;1035.37288;-5.7882505;0.0365;0.16;0.12
3;91117;17.09.2021;1000.0185;-6.612759;0.0364;0.21;0.17
3;91117;17.09.2021;963.6731811;-7.0880639;0.037;0.15;0.02
3;91117;17.09.2021;928.3189107;-7.7864711;0.036;0.19;0.07
3;91117;17.09.2021;893.0985388;-7.291766;0.0364;0.14;0.06
3;91117;17.09.2021;854.339511;-8.0095734;0.0317;0.13;0.35
3;91117;17.09.2021;814.1474068;NA;0.0407;0.32;0.1
3;91117;17.09.2021;821.3988069;-6.9231622;0.0291;0.19;0.2
3;91117;17.09.2021;785.0535014;-8.9213828;0.0431;0.21;0.13
3;91117;17.09.2021;749.699273;-5.9725524;0.0361;0.13;0.07
3;91117;17.09.2021;714.478831;-7.5148683;0.0384;0.19;0.11
3;91117;17.09.2021;678.1334677;-9.2026857;0.0421;0.25;0.06
3;91117;17.09.2021;642.7791222;-9.8622925;0.0458;0.16;0.12
3;91117;17.09.2021;606.4338381;-9.4548883;0.0443;0.2;0.11
3;91117;17.09.2021;571.0796792;-8.2326757;0.0417;0.18;0.06
3;91117;17.09.2021;535.8591233;-8.9504831;0.0457;0.17;0.05
3;91117;17.09.2021;499.5137636;NA;0.0463;0.33;0.1
3;91117;17.09.2021;464.1594554;NA;0.0499;0.27;0.13
3;91117;17.09.2021;428.8053171;NA;0.048;0.3;0.2
3;91117;17.09.2021;392.4601891;-9.5130889;0.0455;0.2;0.06
3;91117;17.09.2021;357.2394155;-10.6286004;0.0432;0.22;0.03
3;91117;17.09.2021;320.8940635;-9.1735854;0.0381;0.17;0.07
3;91117;17.09.2021;285.5398396;-8.9310829;0.0357;0.16;0.1
3;91117;17.09.2021;250.1859309;-9.3481872;0.0354;0.18;0.11
3;91117;17.09.2021;213.8410625;-9.2220859;0.0374;0.2;0.29
3;91117;17.09.2021;178.6197078;-8.8049816;0.0383;0.2;0.16
3;91117;17.09.2021;142.2743828;-9.7458913;0.0376;0.16;0.08
3;91117;17.09.2021;106.9205312;-8.7564811;0.0358;0.22;0.29
3;91117;17.09.2021;71.56814934;-8.4072775;0.0367;0.15;0.05
3;91117;17.09.2021;35.22782991;-8.9310829;0.0371;0.17;0.1
3;core;17.09.2021;0;-8.9310829;0.0368;0.14;0.11
Q;rim;15.09.2021;1644.209537;-3.9840319;0.0429;0.2;0.32
Q;90910;15.09.2021;1614.733415;-4.7212395;0.0414;0.2;0.06
Q;90910;15.09.2021;1585.461762;-5.3032455;0.0454;0.19;0.14
Q;90910;15.09.2021;1556.406117;-3.1013228;0.0382;0.13;0.16
Q;90910;15.09.2021;1527.578803;-3.7803298;0.0424;0.21;0.11
Q;90910;15.09.2021;1498.992995;-5.6621492;0.0434;0.17;0.19
Q;90910;15.09.2021;1470.662776;-4.3235354;0.04;0.17;0.16
Q;90910;15.09.2021;1442.603203;-3.4699266;0.0415;0.17;0.13
Q;90910;15.09.2021;1415.797302;-4.6630389;0.0412;0.21;0.1
Q;90910;15.09.2021;1388.32453;-6.0792535;0.0398;0.2;0.11
Q;90910;15.09.2021;1361.173758;-6.8649616;0.0421;0.17;0.13
Q;90910;15.09.2021;1334.364643;-3.6445284;0.0413;0.19;0.18
Q;90910;15.09.2021;1307.918193;-4.8958413;0.0439;0.15;0.1
Q;90910;15.09.2021;1282.800062;-5.4196467;0.0434;0.14;0.15
Q;90910;15.09.2021;1257.141599;-5.4584471;0.0451;0.23;0.12
Q;90910;15.09.2021;1231.917205;-5.3323458;0.0456;0.21;0.13
Q;90910;15.09.2021;1207.154091;-6.6418593;0.0473;0.2;0.1
Q;90910;15.09.2021;1178.083189;-6.127754;0.0449;0.15;0.08
Q;90910;15.09.2021;1143.551048;-2.9849216;0.0417;0.2;0.1
Q;90910;15.09.2021;1109.937386;-3.4699266;0.0424;0.13;0.05
Q;90910;15.09.2021;1075.40597;-4.7503398;0.0419;0.17;0.08
Q;90910;15.09.2021;1040.875113;-5.7979506;0.044;0.25;0.07
Q;90910;15.09.2021;1006.344871;-5.6815494;0.0464;0.24;0.22
Q;90910;15.09.2021;971.8153117;-7.1171642;0.0459;0.28;0.04
Q;90910;15.09.2021;937.286509;-6.2053548;0.0434;0.15;0.17
Q;90910;15.09.2021;903.6747202;-6.2926557;0.0442;0.21;0.14
Q;90910;15.09.2021;869.1472833;-8.5430789;0.0685;0.2;0.47
Q;90910;15.09.2021;834.620872;-6.6321592;0.0434;0.16;0.15
Q;90910;15.09.2021;799.6924409;-6.3023558;0.0417;0.16;0.2
Q;90910;15.09.2021;764.7640159;-6.9134621;0.0423;0.2;0.11
Q;90910;15.09.2021;729.8355979;-7.3305664;0.0424;0.23;0.11
Q;90910;15.09.2021;695.8225348;-6.7388603;0.042;0.17;0.28
Q;90910;15.09.2021;660.8940914;-7.097764;0.0416;0.2;0.16
Q;90910;15.09.2021;625.965654;-7.3014661;0.0405;0.19;0.11
Q;90910;15.09.2021;591.0372239;-9.134785;0.0418;0.19;0.07
Q;90910;15.09.2021;556.1088023;-10.6092002;0.0488;0.19;0.13
Q;90910;15.09.2021;521.180391;-8.7079806;0.0428;0.22;0.04
Q;90910;15.09.2021;487.1673224;-8.8146817;0.0411;0.16;0.13
Q;90910;15.09.2021;452.2388749;-8.455778;0.0391;0.23;0.05
Q;90910;15.09.2021;417.310436;-8.7370809;0.0389;0.19;0.1
Q;90910;15.09.2021;4714.686946;NA;0.0015;0.19;0.3
Q;90910;15.09.2021;382.3820079;-8.4751782;0.045;0.2;0.15
Q;90910;15.09.2021;347.453594;-8.5624791;0.0434;0.16;0.08
Q;90910;15.09.2021;312.525199;-9.1056847;0.0406;0.16;0.14
Q;90910;15.09.2021;278.5121182;-8.6012795;0.0411;0.18;0.11
Q;90910;15.09.2021;243.5836612;-8.940783;0.0447;0.2;0.13
Q;90910;15.09.2021;208.655218;-9.0280839;0.0384;0.11;0.13
Q;90910;15.09.2021;173.726797;-8.4072775;0.0389;0.17;0.07
Q;90910;15.09.2021;138.798415;-8.8146817;0.039;0.17;0.24
Q;90910;15.09.2021;104.7854952;-8.0289736;0.0393;0.19;0.17
Q;90910;15.09.2021;69.85699679;-7.2723658;0.0418;0.2;0.04
Q;90910;15.09.2021;34.92849839;-5.9628523;0.0383;0.16;0.08
Q;core;15.09.2021;0;-6.0986537;0.038;0.19;0.16
R;rim;15.09.2021;1573.76809;-4.0228323;0.0321;0.19;0.05
R;90928;15.09.2021;1539.228703;-5.157744;0.033;0.18;0.17
R;90928;15.09.2021;1504.689337;-5.642749;0.0361;0.16;0.09
R;90928;15.09.2021;1470.149992;-6.2829556;0.0374;0.16;0.08
R;90928;15.09.2021;1435.610671;-6.321756;0.0375;0.17;0.05
R;90928;15.09.2021;1401.071376;-6.6515594;0.0375;0.19;0.07
R;90928;15.09.2021;1366.532107;-6.1859546;0.0385;0.17;0.13
R;90928;15.09.2021;1331.992868;-5.2353448;0.0357;0.17;0.13
R;90928;15.09.2021;1297.45366;-4.2168343;0.0356;0.19;0.07
R;90928;15.09.2021;1262.914486;-5.2062445;0.0388;0.23;0.16
R;90928;15.09.2021;1228.37535;-5.5069476;0.0411;0.11;0.14
R;90928;15.09.2021;1193.836253;-6.1471542;0.0403;0.17;0.1
R;90928;15.09.2021;1159.297201;-5.3323458;0.0397;0.17;0.17
R;90928;15.09.2021;1124.758196;-6.5351582;0.0416;0.18;0.06
R;90928;15.09.2021;1090.219244;-7.1074641;0.044;0.19;0.16
R;90928;15.09.2021;1055.680349;-6.4090569;0.0418;0.21;0.1
R;90928;15.09.2021;1021.141518;-7.3693668;0.0474;0.19;0.09
R;90928;15.09.2021;986.6027569;-6.7970609;0.0401;0.19;0.09
R;90928;15.09.2021;952.0640735;-7.7185704;0.039;0.19;0.14
R;90928;15.09.2021;917.5254765;-8.3102765;0.0422;0.15;0.09
R;90928;15.09.2021;882.9869761;-7.0880639;0.0413;0.16;0.17
R;90928;15.09.2021;848.4485842;-7.0298633;0.0456;0.2;0.1
R;90928;15.09.2021;813.9103145;-9.7943918;0.0883;0.28;0.6
R;90928;15.09.2021;779.3721832;-5.448747;0.0433;0.17;0.16
R;90928;15.09.2021;744.8342097;-7.5245684;0.0454;0.17;0.05
R;90928;15.09.2021;709.365914;-8.1550749;0.0419;0.16;0.15
R;90928;15.09.2021;673.8976183;-11.2494068;0.0459;0.22;0.09
R;90928;15.09.2021;638.4293226;-8.552779;0.0424;0.22;0.16
R;90928;15.09.2021;602.9610269;-12.9663245;0.0853;0.18;1.21
R;90928;15.09.2021;567.4927312;-8.8049816;0.0428;0.22;0.08
R;90928;15.09.2021;532.0244355;-8.8146817;0.043;0.16;0.21
R;90928;15.09.2021;496.5561398;-8.3975774;0.0418;0.19;0.16
R;90928;15.09.2021;461.0878441;-8.7952815;0.0466;0.23;0.11
R;90928;15.09.2021;425.6195484;-9.0280839;0.0453;0.18;0.1
R;90928;15.09.2021;390.1512527;-9.2996867;0.0422;0.14;0.15
R;90928;15.09.2021;354.682957;-9.2608863;0.0403;0.17;0.06
R;90928;15.09.2021;319.2146613;-8.9601832;0.0431;0.23;0.13
R;90928;15.09.2021;283.7463656;-8.9601832;0.0411;0.19;0.15
R;90928;15.09.2021;248.2780699;-8.552779;0.0395;0.18;0.18
R;90928;15.09.2021;212.8097742;-8.8049816;0.0395;0.21;0.15
R;90928;15.09.2021;177.3414785;-9.0668843;0.0395;0.17;0.13
R;90928;15.09.2021;141.8731828;-8.3005764;0.0393;0.19;0.08
R;90928;15.09.2021;106.4048871;-8.5236787;0.0386;0.23;0.2
R;90928;15.09.2021;70.9365914;-8.3490769;0.0391;0.17;0.17
R;90928;15.09.2021;35.4682957;-7.6312695;0.043;0.22;0.09
R;core;15.09.2021;0;-6.3896567;0.0405;0.17;0.06
S;rim;15.09.2021;1754.561199;-5.4390469;0.0325;0.17;0.22
S;90946;15.09.2021;1718.952297;-6.4866577;0.0337;0.21;0.05
S;90946;15.09.2021;1683.343399;-5.157744;0.0344;0.17;0.11
S;90946;15.09.2021;1647.734505;-5.9531522;0.0365;0.17;0.06
S;90946;15.09.2021;1612.125615;-4.3526357;0.0337;0.2;0.07
S;90946;15.09.2021;1576.51673;-6.1471542;0.0331;0.17;0.12
S;90946;15.09.2021;1540.120125;-6.0016527;0.0335;0.16;0.07
S;90946;15.09.2021;1504.511216;-5.2062445;0.0353;0.18;0.12
S;90946;15.09.2021;1468.902311;-4.4690369;0.033;0.15;0.1
S;90946;15.09.2021;1433.29341;-5.5166477;0.0326;0.19;0.2
S;90946;15.09.2021;1397.684514;-6.0016527;0.0352;0.19;0.1
S;90946;15.09.2021;1361.287993;-5.545748;0.0346;0.2;0.11
S;90946;15.09.2021;1325.679071;-4.672739;0.032;0.17;0.08
S;90946;15.09.2021;1290.070153;-5.9822525;0.0351;0.17;0.09
S;90946;15.09.2021;1254.461239;-6.127754;0.036;0.14;0.06
S;90946;15.09.2021;1218.064859;-6.0113528;0.0374;0.17;0.11
S;90946;15.09.2021;1182.455919;-5.7591502;0.0378;0.23;0.13
S;90946;15.09.2021;1146.846982;-6.3702565;0.0378;0.15;0.07
S;90946;15.09.2021;1111.238048;-5.0025424;0.0361;0.22;0.08
S;90946;15.09.2021;1075.629118;-4.8473408;0.0408;0.17;0.12
S;90946;15.09.2021;1039.23289;-5.642749;0.0397;0.21;0.11
S;90946;15.09.2021;1003.623934;-6.7194601;0.0418;0.18;0.25
S;90946;15.09.2021;968.0149792;-6.3896567;0.041;0.22;0.16
S;90946;15.09.2021;932.4060274;-6.8358613;0.0423;0.17;0.11
S;90946;15.09.2021;896.0100446;-6.9813628;0.045;0.18;0.47
S;90946;15.09.2021;860.4010693;-6.5254581;0.0407;0.16;0.12
S;90946;15.09.2021;824.792095;-5.7882505;0.0397;0.17;0.09
S;90946;15.09.2021;789.183122;-8.3781772;0.041;0.15;0.12
S;90946;15.09.2021;753.5741503;-8.8243818;0.0418;0.23;0.08
S;90946;15.09.2021;717.1784994;-8.3393768;0.0412;0.16;0.1
S;90946;15.09.2021;681.5695122;-7.1559646;0.0419;0.19;0.08
S;90946;15.09.2021;645.9605251;-8.4654781;0.0418;0.15;0.1
S;90946;15.09.2021;610.351538;-9.4645884;0.0408;0.17;0.13
S;90946;15.09.2021;574.7425511;-8.6788803;0.0368;0.17;0.07
S;90946;15.09.2021;538.3474714;-9.7555914;0.0373;0.19;0.09
S;90946;15.09.2021;502.7385006;-9.0862845;0.038;0.13;0.16
S;90946;15.09.2021;467.1295324;-9.2802865;0.0388;0.17;0.14
S;90946;15.09.2021;431.5205673;-8.9019826;0.0359;0.17;0.12
S;90946;15.09.2021;395.126562;-9.1056847;0.0365;0.2;0.16
S;90946;15.09.2021;359.5177325;-8.9116827;0.0376;0.16;0.18
S;90946;15.09.2021;323.9089378;-9.1250849;0.0369;0.17;0.19
S;90946;15.09.2021;288.3001908;-8.8340819;0.0397;0.22;0.16
S;90946;15.09.2021;252.6915115;-8.8049816;0.0403;0.22;0.09
S;90946;15.09.2021;216.3007166;-9.3384871;0.0412;0.16;0.2
S;90946;15.09.2021;180.69311;-9.522789;0.0412;0.18;0.19
S;90946;15.09.2021;145.0861813;-9.2123858;0.0414;0.17;0.18
S;90946;15.09.2021;109.4805919;-8.8340819;0.0358;0.16;0.05
S;90946;15.09.2021;72.47068373;-9.2220859;0.04;0.2;0.15
S;90946;15.09.2021;36.23534186;-9.6391902;0.0392;0.15;0.1
S;core;15.09.2021;0;-7.3208663;0.0378;0.24;0.18
T;rim;15.09.2021;1888.934356;-4.2362345;0.0329;0.21;0.06
T;90970;15.09.2021;1854.10949;-5.3808463;0.0391;0.21;0.29
T;90970;15.09.2021;1819.28475;-5.6912495;0.0344;0.17;0.13
T;90970;15.09.2021;1784.460142;-6.3314561;0.0368;0.2;0.07
T;90970;15.09.2021;1749.635676;-4.5660379;0.0318;0.21;0.12
T;90970;15.09.2021;1714.045799;-5.7300499;0.0338;0.21;0.07
T;90970;15.09.2021;1679.221844;-5.8852515;0.0339;0.18;0.14
T;90970;15.09.2021;1642.989044;-6.0210529;0.0347;0.17;0.21
T;90970;15.09.2021;1607.521384;-3.8870309;0.0321;0.18;0.13
T;90970;15.09.2021;1572.053752;-5.2450449;0.0329;0.19;0.09
T;90970;15.09.2021;1535.820953;-6.0210529;0.0358;0.18;0.2
T;90970;15.09.2021;1500.353292;-4.4593368;0.034;0.17;0.18
T;90970;15.09.2021;1464.885661;-5.3905464;0.0371;0.21;0.14
T;90970;15.09.2021;1428.652862;-5.6524491;0.0372;0.18;0.08
T;90970;15.09.2021;1393.185199;-6.0501532;0.0401;0.19;0.06
T;90970;15.09.2021;1357.71757;-6.0016527;0.04;0.19;0.07
T;90970;15.09.2021;1321.484771;-6.4963578;0.0429;0.23;0.04
T;90970;15.09.2021;1286.017107;-6.3411562;0.0407;0.19;0.13
T;90970;15.09.2021;1250.549479;-4.0422325;0.0386;0.18;0.07
T;90970;15.09.2021;1214.31668;-5.0219426;0.0402;0.11;0.2
T;90970;15.09.2021;1178.849015;-5.8076507;0.041;0.19;0.13
T;90970;15.09.2021;1143.381389;-6.5448583;0.0428;0.22;0.07
T;90970;15.09.2021;1107.14859;-6.0016527;0.0415;0.16;0.06
T;90970;15.09.2021;1071.680923;-7.7670709;0.0476;0.21;0.17
T;90970;15.09.2021;1036.213299;-7.2141652;0.0416;0.17;0.05
T;90970;15.09.2021;1000.745722;-6.4672575;0.0443;0.24;0.12
T;90970;15.09.2021;964.5128304;-6.4963578;0.0418;0.2;0.1
T;90970;15.09.2021;929.0452088;-8.2423758;0.0443;0.2;0.07
T;90970;15.09.2021;892.8124103;-7.3208663;0.0425;0.21;0.1
T;90970;15.09.2021;857.3447381;-6.6903598;0.0406;0.21;0.09
T;90970;15.09.2021;821.8771198;-6.6709596;0.0404;0.17;0.13
T;90970;15.09.2021;785.6443216;-5.7688503;0.0383;0.22;0.09
T;90970;15.09.2021;750.1766459;-5.7203498;0.0372;0.16;0.17
T;90970;15.09.2021;714.7090317;-5.6718493;0.0368;0.22;0.13
T;90970;15.09.2021;678.4762339;NA;0.0594;0.26;0.39
T;90970;15.09.2021;643.0085536;-7.6894701;0.0407;0.15;0.14
T;90970;15.09.2021;607.5409451;-9.037784;0.0412;0.19;0.1
T;90970;15.09.2021;571.308148;-8.843782;0.0392;0.17;0.13
T;90970;15.09.2021;535.8404613;-9.4354881;0.0372;0.19;0.18
T;90970;15.09.2021;500.372861;-8.1550749;0.0375;0.2;0.08
T;90970;15.09.2021;464.1400651;-8.8243818;0.0368;0.18;0.22
T;90970;15.09.2021;428.6723691;-8.8243818;0.0378;0.19;0.2
T;90970;15.09.2021;393.2047813;-8.8243818;0.0382;0.21;0.1
T;90970;15.09.2021;356.9719877;-8.6206797;0.0388;0.19;0.18
T;90970;15.09.2021;321.5042768;-9.3772875;0.0385;0.19;0.21
T;90970;15.09.2021;286.0367109;-9.0571842;0.0382;0.17;0.18
T;90970;15.09.2021;249.8039231;-8.7758813;0.0391;0.19;0.1
T;90970;15.09.2021;214.3361845;-9.5033888;0.0376;0.17;0.18
T;90970;15.09.2021;178.8686669;-8.0871742;0.0378;0.18;0.09
T;90970;15.09.2021;142.6359001;-6.3314561;0.0313;0.17;0.14
T;90970;15.09.2021;107.1680923;-6.3605564;0.0326;0.23;0.09
T;90970;15.09.2021;71.70076708;-6.0598533;0.0385;0.14;0.22
T;90970;15.09.2021;35.4682957;-6.6806597;0.0428;0.23;0.08
T;core;15.09.2021;0;-6.5739586;0.0412;0.21;0.11
U;rim;15.09.2021;2113.365089;-4.2944351;0.0315;0.26;0.29
U;90981;15.09.2021;2078.845834;-5.73975;0.0293;0.2;0.17
U;90981;15.09.2021;2044.326784;-5.5263478;0.0302;0.18;0.11
U;90981;15.09.2021;2009.807951;-7.0298633;0.0317;0.16;0.06
U;90981;16.09.2021;1975.289346;-5.6621492;0.0319;0.22;0.15
U;90981;16.09.2021;1940.770981;-6.321756;0.0302;0.22;0.14
U;90981;16.09.2021;1906.252869;-3.8191302;0.0314;0.12;0.04
U;90981;16.09.2021;1871.735024;-7.4372675;0.0284;0.14;0.12
U;90981;16.09.2021;1837.217461;-8.4654781;0.0295;0.18;0.17
U;90981;16.09.2021;1802.700197;-6.5642585;0.0294;0.18;0.13
U;90981;16.09.2021;1768.183248;-7.67977;0.0298;0.17;0.03
U;90981;16.09.2021;1733.666635;-6.8649616;0.0301;0.19;0.18
U;90981;16.09.2021;1699.150376;-7.0395634;0.0317;0.19;0.42
U;90981;16.09.2021;1664.634494;-7.5245684;0.0313;0.15;0.25
U;90981;16.09.2021;1630.119014;-5.1286437;0.0314;0.19;0.18
U;90981;16.09.2021;1595.603961;-6.1374541;0.0305;0.19;0.21
U;90981;16.09.2021;1561.089363;-7.0298633;0.0316;0.17;0.18
U;90981;16.09.2021;1526.575252;-5.545748;0.0342;0.2;0.21
U;90981;16.09.2021;1492.061661;-7.3305664;0.0316;0.18;0.03
U;90981;16.09.2021;1457.548627;-4.4884371;0.0334;0.23;0.09
U;90981;16.09.2021;1423.036191;-5.7882505;0.0321;0.18;0.19
U;90981;16.09.2021;1388.524397;-5.8949516;0.0314;0.17;0.09
U;90981;16.09.2021;1353.811287;-5.7979506;0.0334;0.21;0.17
U;90981;16.09.2021;1319.098177;-6.1374541;0.0346;0.2;0.15
U;90981;16.09.2021;1284.385067;-5.9919526;0.0297;0.18;0.24
U;90981;16.09.2021;1249.671957;-7.0589636;0.0328;0.2;0.05
U;90981;16.09.2021;1214.958847;-5.3905464;0.0361;0.17;0.06
U;90981;16.09.2021;1180.245737;-5.8270509;0.0349;0.17;0.06
U;90981;16.09.2021;1145.532627;-5.8464511;0.0333;0.17;0.11
U;90981;16.09.2021;1110.819517;-6.1665544;0.0379;0.22;0.09
U;90981;16.09.2021;1076.106407;-4.7406397;0.0357;0.16;0.07
U;90981;16.09.2021;1041.393297;-6.3411562;0.0378;0.15;0.14
U;90981;16.09.2021;1006.680188;-6.7873608;0.0369;0.18;0.07
U;90981;16.09.2021;971.9670776;-7.0298633;0.0355;0.15;0.11
U;90981;16.09.2021;937.2539677;-7.0880639;0.0365;0.16;0.08
U;90981;16.09.2021;902.5408578;-6.6030589;0.0382;0.15;0.1
U;90981;16.09.2021;867.8277479;-6.7291602;0.0381;0.19;0.11
U;90981;16.09.2021;833.114638;-6.7194601;0.0379;0.21;0.08
U;90981;16.09.2021;798.4015281;-5.9531522;0.0372;0.19;0.13
U;90981;16.09.2021;763.6884181;-4.7309396;0.0379;0.21;0.09
U;90981;16.09.2021;728.9753082;-7.5245684;0.0522;0.26;0.19
U;90981;16.09.2021;694.2621983;-5.9143518;0.0386;0.19;0.09
U;90981;16.09.2021;659.5490884;-5.4584471;0.0392;0.19;0.08
U;90981;16.09.2021;624.8359785;-5.8076507;0.0384;0.18;0.09
U;90981;16.09.2021;590.1228686;-7.1074641;0.0405;0.16;0.14
U;90981;16.09.2021;555.4097586;-7.291766;0.0395;0.21;0.05
U;90981;16.09.2021;520.6966487;-8.0968743;0.0417;0.19;0.04
U;90981;16.09.2021;485.9835388;-9.0765844;0.0431;0.24;0.07
U;90981;16.09.2021;451.2704289;-11.1233055;0.0436;0.34;0.22
U;90981;16.09.2021;416.557319;-5.9919526;0.0381;0.17;0.04
U;90981;16.09.2021;381.8442091;-6.4478573;0.0382;0.21;0.09
U;90981;16.09.2021;347.1310992;-6.0889536;0.0366;0.22;0.07
U;90981;16.09.2021;312.4179892;-6.224755;0.0415;0.19;0.32
U;90981;16.09.2021;277.7048793;-7.9513728;0.0402;0.18;0.21
U;90981;16.09.2021;242.9917694;-6.8358613;0.0349;0.17;0.17
U;90981;16.09.2021;208.2786595;-7.8252715;0.0373;0.14;0.15
U;90981;16.09.2021;173.5655496;-7.2626657;0.0364;0.16;0.16
U;90981;16.09.2021;138.8524397;-6.8164611;0.0368;0.15;0.18
U;90981;16.09.2021;104.1393297;-5.6330489;0.0346;0.21;0.15
U;90981;16.09.2021;69.42621983;-4.2944351;0.0355;0.14;0.14
U;90981;16.09.2021;34.71310992;-6.5254581;0.0357;0.14;0.09
U;core;16.09.2021;0;-7.4954681;0.0323;0.2;0.11
V;rim;16.09.2021;2053.025085;-5.060743;0.034;0.23;0.2
V;90997;16.09.2021;2017.674404;-7.0104631;0.0313;0.19;0.11
V;90997;16.09.2021;1982.323889;-6.418757;0.0328;0.2;0.17
V;90997;16.09.2021;1946.973549;-6.3896567;0.0357;0.19;0.08
V;90997;16.09.2021;1911.623394;-5.0219426;0.0343;0.18;0.06
V;90997;16.09.2021;1876.273434;-6.4769576;0.035;0.2;0.11
V;90997;16.09.2021;1840.923681;-6.2829556;0.0322;0.22;0.11
V;90997;16.09.2021;1805.574147;-6.9328623;0.0333;0.18;0.1
V;90997;16.09.2021;1770.224844;-6.4866577;0.0357;0.2;0.07
V;90997;16.09.2021;1734.875788;-4.1780339;0.0357;0.16;0.07
V;90997;16.09.2021;1699.526993;-5.9822525;0.0346;0.18;0.13
V;90997;16.09.2021;1663.680558;-5.6039486;0.0348;0.21;0.06
V;90997;16.09.2021;1627.834144;-7.291766;0.034;0.2;0.05
V;90997;16.09.2021;1591.987751;-9.1638853;0.0331;0.18;0.15
V;90997;16.09.2021;1556.141382;-8.3199766;0.0364;0.21;0.25
V;90997;16.09.2021;1520.295037;-7.0395634;0.038;0.18;0.2
V;90997;16.09.2021;1484.448719;-7.5633688;0.037;0.25;0.18
V;90997;16.09.2021;1448.60243;-8.1259746;0.0365;0.17;0.07
V;90997;16.09.2021;1412.756171;-8.7952815;0.0372;0.21;0.15
V;90997;16.09.2021;1376.909946;-8.5915794;0.0383;0.17;0.16
V;90997;16.09.2021;1341.063757;-7.7670709;0.0377;0.16;0.16
V;90997;16.09.2021;1305.217606;-8.0580739;0.0374;0.18;0.16
V;90997;16.09.2021;1269.371498;-8.7661812;0.0374;0.19;0.07
V;90997;16.09.2021;1233.525435;-6.8843618;0.0373;0.21;0.08
V;90997;16.09.2021;1197.679423;-4.7115394;0.0372;0.16;0.14
V;90997;16.09.2021;1161.833465;-5.351746;0.0399;0.21;0.17
V;90997;16.09.2021;1125.987567;-7.0589636;0.04;0.1;0.06
V;90997;16.09.2021;1090.141734;-6.5254581;0.04;0.17;0.11
V;90997;16.09.2021;1054.295974;-6.418757;0.0403;0.19;0.1
V;90997;16.09.2021;1018.450293;-7.097764;0.0412;0.14;0.08
V;90997;16.09.2021;982.6047018;-6.9425624;0.0417;0.18;0.1
V;90997;16.09.2021;946.7592091;-7.3790669;0.0411;0.18;0.16
V;90997;16.09.2021;910.9138269;-8.4751782;0.0438;0.19;0.12
V;90997;16.09.2021;875.0685687;-7.388767;0.0425;0.23;0.13
V;90997;16.09.2021;839.2234506;-8.0968743;0.0442;0.21;0.06
V;90997;16.09.2021;803.3784911;-7.8349716;0.0433;0.19;0.06
V;90997;16.09.2021;767.5337126;-8.2229756;0.0433;0.21;0.07
V;90997;16.09.2021;731.6891416;-8.1744751;0.0424;0.2;0.06
V;90997;16.09.2021;695.8448103;-8.0968743;0.0396;0.15;0.15
V;90997;16.09.2021;660.0007576;-8.4848783;0.044;0.2;0.12
V;90997;16.09.2021;624.1570315;-7.7961712;0.0423;0.23;0.07
V;90997;16.09.2021;587.441912;-6.6709596;0.0431;0.19;0.09
V;90997;16.09.2021;550.7267925;-7.8640719;0.0432;0.19;0.05
V;90997;16.09.2021;514.011673;-8.4460779;0.0465;0.26;0.03
V;90997;16.09.2021;477.2965535;-9.7264911;0.0445;0.24;0.12
V;90997;16.09.2021;440.581434;-8.1162745;0.0419;0.24;0.03
V;90997;16.09.2021;403.8663145;-8.6982805;0.0406;0.18;0.19
V;90997;16.09.2021;367.151195;-8.0774741;0.0401;0.21;0.12
V;90997;16.09.2021;330.4360755;-8.1453748;0.0419;0.2;0.05
V;90997;16.09.2021;293.720956;-7.9804731;0.0375;0.19;0.07
V;90997;16.09.2021;257.0058365;-7.9998733;0.0388;0.17;0.06
V;90997;16.09.2021;220.290717;-7.8931722;0.0358;0.22;0.12
V;90997;16.09.2021;183.5755975;-8.3878773;0.0392;0.2;0.16
V;90997;16.09.2021;146.860478;-7.9319726;0.0364;0.17;0.17
V;90997;16.09.2021;110.1453585;-7.2820659;0.038;0.19;0.16
V;90997;16.09.2021;73.430239;-7.0880639;0.0361;0.19;0.11
V;90997;16.09.2021;36.7151195;-7.4081672;0.0366;0.21;0.12
V;core;16.09.2021;0;-7.8834721;0.0374;0.21;0.2
W;rim;16.09.2021;2054.965936;-6.1859546;0.0321;0.2;0.36
W;91013;16.09.2021;2019.951732;-4.9055414;0.0299;0.2;0.19
W;91013;16.09.2021;1984.937531;-5.3905464;0.0295;0.16;0.06
W;91013;16.09.2021;1949.923332;-6.2829556;0.0295;0.18;0.15
W;91013;16.09.2021;1914.909136;-6.9716627;0.031;0.09;0.08
W;91013;16.09.2021;1879.894944;-6.6903598;0.0321;0.19;0.13
W;91013;16.09.2021;1844.880755;-6.7873608;0.0321;0.16;0.1
W;91013;16.09.2021;1809.86657;-6.5836587;0.0318;0.18;0.12
W;91013;16.09.2021;1774.852388;-6.030753;0.0329;0.16;0.07
W;91013;16.09.2021;1739.838211;-5.4390469;0.0324;0.15;0.09
W;91013;16.09.2021;1704.824038;-3.9549316;0.03;0.18;0.11
W;91013;16.09.2021;1669.809869;-4.9734421;0.0347;0.2;0.2
W;91013;16.09.2021;1634.795706;-4.7212395;0.0318;0.16;0.17
W;91013;16.09.2021;1599.781548;-5.6912495;0.0319;0.19;0.16
W;91013;16.09.2021;1564.767395;-5.73975;0.0305;0.21;0.18
W;91013;16.09.2021;1529.753248;-7.1074641;0.0326;0.16;0.13
W;91013;16.09.2021;1494.739108;-6.5351582;0.0314;0.14;0.15
W;91013;16.09.2021;1459.724974;-6.5739586;0.0331;0.21;0.16
W;91013;16.09.2021;1424.710848;-6.6806597;0.0328;0.16;0.09
W;91013;16.09.2021;1389.69673;-8.1550749;0.0361;0.24;0.13
W;91013;16.09.2021;1354.68262;-6.806761;0.0353;0.17;0.08
W;91013;16.09.2021;1319.668519;-6.8746617;0.0341;0.22;0.09
W;91013;16.09.2021;1284.654428;-5.4584471;0.032;0.18;0.06
W;91013;16.09.2021;1249.640348;-4.8182405;0.0338;0.17;0.09
W;91013;16.09.2021;1214.62628;-5.6912495;0.0344;0.22;0.14
W;91013;16.09.2021;1179.612224;-5.7882505;0.0337;0.2;0.11
W;91013;16.09.2021;1144.598183;-6.1956547;0.0341;0.2;0.08
W;91013;16.09.2021;1109.584156;-6.8940619;0.0334;0.14;0.05
W;91013;16.09.2021;1074.570147;-6.9328623;0.034;0.16;0.15
W;91013;16.09.2021;1039.556155;-7.7476707;0.0341;0.17;0.22
W;91013;16.09.2021;1004.542184;-8.0774741;0.0347;0.2;0.07
W;91013;16.09.2021;969.5282358;-8.9698833;0.0358;0.15;0.23
W;91013;16.09.2021;934.5143124;-8.3975774;0.0379;0.18;0.06
W;91013;16.09.2021;899.5004169;-11.2882072;0.0683;0.23;0.52
W;91013;16.09.2021;864.4865528;-8.1550749;0.0387;0.26;0.07
W;91013;16.09.2021;829.4727241;-8.0386737;0.0379;0.23;0.12
W;91013;16.09.2021;794.4589354;-8.3393768;0.0405;0.19;0.08
W;91013;16.09.2021;759.4451922;-9.61979;0.0812;0.17;0.68
W;91013;16.09.2021;724.4315012;-9.0668843;0.0414;0.14;0.07
W;91013;16.09.2021;689.4178704;-12.0157147;0.0893;0.2;1.08
W;91013;16.09.2021;654.4043093;-8.9698833;0.0386;0.2;0.06
W;91013;16.09.2021;619.3908298;-9.3578873;0.037;0.19;0.11
W;91013;16.09.2021;584.3774465;-9.61979;0.0375;0.22;0.1
W;91013;16.09.2021;549.3641779;-9.716791;0.0372;0.2;0.21
W;91013;16.09.2021;514.3510474;-9.134785;0.039;0.16;0.09
W;91013;16.09.2021;479.3380853;-10.3569976;0.041;0.17;0.08
W;91013;16.09.2021;444.3253313;-9.5130889;0.041;0.2;0.12
W;91013;16.09.2021;409.3128388;-9.8525924;0.0432;0.17;0.04
W;91013;16.09.2021;374.3006813;-9.5324891;0.0419;0.22;0.08
W;91013;16.09.2021;340.2881132;-9.0280839;0.0451;0.19;0.06
W;91013;16.09.2021;306.2760193;-10.1726957;0.0465;0.26;0.11
W;91013;16.09.2021;272.2645772;-10.2308963;0.0452;0.22;0.05
W;91013;16.09.2021;238.2540661;-11.268807;0.0433;0.15;0.06
W;91013;16.09.2021;204.244951;-9.3190869;0.0381;0.17;0.14
W;91013;16.09.2021;170.2380686;-9.5324891;0.0386;0.22;0.11
W;91013;16.09.2021;136.2350909;-9.1832855;0.0384;0.13;0.09
W;91013;16.09.2021;102.1763182;-9.813792;0.0407;0.19;0.09
W;91013;16.09.2021;68.11754546;-9.4354881;0.0409;0.13;0.13
W;91013;16.09.2021;34.05877273;-9.4354881;0.0394;0.18;0.13
W;core;16.09.2021;0;-9.4451882;0.0396;0.2;0.32
X;rim;16.09.2021;1736.230687;NA;0.1406;;0.05
X;91045;16.09.2021;1702.006169;-4.575738;0.0325;0.24;0.05
X;91045;16.09.2021;1667.78206;-5.5651482;0.0331;0.22;0.08
X;91045;16.09.2021;1633.558386;-6.2441552;0.0324;0.19;0.07
X;91045;16.09.2021;1599.335174;-7.4275674;0.0325;0.19;0.14
X;91045;16.09.2021;1566.102168;-6.4478573;0.0322;0.21;0.06
X;91045;16.09.2021;1531.879891;-6.7970609;0.0323;0.16;0.25
X;91045;16.09.2021;1497.658172;-7.9513728;0.0328;0.2;0.06
X;91045;16.09.2021;1464.426509;-6.2635554;0.0334;0.15;0.05
X;91045;16.09.2021;1430.205929;-5.5069476;0.0339;0.2;0.16
X;91045;16.09.2021;1395.986031;-6.1374541;0.0353;0.18;0.11
X;91045;16.09.2021;1362.756031;-6.6612595;0.0352;0.16;0.03
X;91045;16.09.2021;1328.390379;-6.903762;0.0339;0.17;0.14
X;91045;16.09.2021;1294.024729;-6.8552615;0.0366;0.21;0.06
X;91045;16.09.2021;1260.648246;-7.9319726;0.0371;0.15;0.09
X;91045;16.09.2021;1226.282594;-7.582769;0.0377;0.16;0.07
X;91045;16.09.2021;1191.916943;-7.9804731;0.038;0.16;0.04
X;91045;16.09.2021;1157.551295;-9.8816927;0.0398;0.15;0.09
X;91045;16.09.2021;1124.174808;-8.9795834;0.0412;0.14;0.13
X;91045;16.09.2021;1089.809158;-10.0756947;0.038;0.16;0.06
X;91045;16.09.2021;1055.443509;-9.7070909;0.0404;0.15;0.16
X;91045;16.09.2021;1022.067023;-8.2132755;0.0405;0.15;0.1
X;91045;16.09.2021;987.7013719;-5.6039486;0.0392;0.19;0.05
X;91045;16.09.2021;953.3357226;-5.8755514;0.0406;0.16;0.08
X;91045;16.09.2021;919.9592382;-5.9822525;0.0406;0.18;0.07
X;91045;16.09.2021;885.5935862;-6.9328623;0.0425;0.23;0.05
X;91045;16.09.2021;851.2279366;-7.7185704;0.0432;0.18;0.06
X;91045;16.09.2021;817.8514535;-8.1453748;0.0487;0.26;0.19
X;91045;16.09.2021;783.4858008;-7.8834721;0.0429;0.19;0.08
X;91045;16.09.2021;749.1201506;-8.2035754;0.0412;0.2;0.11
X;91045;16.09.2021;714.7545033;-8.5139786;0.0404;0.17;0.07
X;91045;16.09.2021;681.3780155;-9.8331922;0.0414;0.18;0.04
X;91045;16.09.2021;647.0123646;-9.4936887;0.0428;0.15;0.06
X;91045;16.09.2021;612.6467171;-10.2696967;0.0447;0.18;0.04
X;91045;16.09.2021;579.2702305;-10.4151982;0.0452;0.19;0.06
X;91045;16.09.2021;544.9045788;-8.7273808;0.0446;0.2;0.07
X;91045;16.09.2021;510.5389309;-9.8719926;0.0542;0.23;0.26
X;91045;16.09.2021;477.1624461;-10.0368943;0.064;0.18;0.57
X;91045;16.09.2021;442.7967931;-8.4848783;0.0444;0.19;0.1
X;91045;16.09.2021;408.4311447;-10.0465944;0.043;0.2;0.06
X;91045;16.09.2021;375.0546627;-9.4354881;0.0438;0.17;0.12
X;91045;16.09.2021;340.6890077;-10.0465944;0.0461;0.2;0.06
X;91045;16.09.2021;306.3233586;-9.6779906;0.0463;0.23;0.09
X;91045;16.09.2021;271.9577173;-10.0950949;0.0466;0.23;0.1
X;91045;16.09.2021;238.5812231;-10.0950949;0.0438;0.19;0.11
X;91045;16.09.2021;204.2155724;-11.4143085;0.0558;0.2;0.11
X;91045;16.09.2021;169.8499338;-10.6286004;0.0419;0.18;0.08
X;91045;16.09.2021;136.4734406;-10.1920959;0.0401;0.17;0.08
X;91045;16.09.2021;102.1077862;-11.9575141;0.0445;0.25;0.24
X;91045;16.09.2021;67.74215822;-10.2793968;0.0401;0.2;0.08
X;91045;16.09.2021;34.36568055;-10.8032022;0.0389;0.14;0.06
X;core;16.09.2021;0;-11.3173075;0.0396;0.2;0.1
Y;rim;16.09.2021;1728.760539;-4.963742;0.0308;0.17;0.28
Y;91050;16.09.2021;1694.750129;-5.836751;0.03;0.22;0.11
Y;91050;16.09.2021;1660.739895;-5.9919526;0.0319;0.22;0.3
Y;91050;16.09.2021;1626.729848;-7.0104631;0.0318;0.18;0.08
Y;91050;16.09.2021;1592.720001;-4.3332355;0.0297;0.16;0.22
Y;91050;16.09.2021;1558.710364;-5.1383438;0.0299;0.18;0.15
Y;91050;16.09.2021;1524.700954;-6.3023558;0.0299;0.15;0.08
Y;91050;16.09.2021;1490.691786;-6.1956547;0.0325;0.23;0.18
Y;91050;16.09.2021;1457.681721;-7.3111662;0.0343;0.21;0.21
Y;91050;16.09.2021;1423.673066;-4.2653348;0.0292;0.18;0.1
Y;91050;16.09.2021;1389.664708;-5.5845484;0.0293;0.11;0.06
Y;91050;16.09.2021;1355.656667;-6.7291602;0.0341;0.19;0.1
Y;91050;16.09.2021;1321.64897;-7.000763;0.0328;0.17;0.08
Y;91050;16.09.2021;1287.641643;-8.6982805;0.0348;0.21;0.05
Y;91050;16.09.2021;1253.634716;-5.1965444;0.0306;0.21;0.05
Y;91050;16.09.2021;1220.626888;-6.2829556;0.0365;0.15;0.04
Y;91050;16.09.2021;1186.620832;-6.7679606;0.0348;0.17;0.23
Y;91050;16.09.2021;1152.615287;-6.9134621;0.0367;0.17;0.1
Y;91050;16.09.2021;1118.610299;-7.6215694;0.0357;0.2;0.21
Y;91050;16.09.2021;1084.605919;-7.4178673;0.0373;0.2;0.12
Y;91050;16.09.2021;1050.602208;-7.0104631;0.0364;0.14;0.07
Y;91050;16.09.2021;1016.599233;-7.5439686;0.0353;0.2;0.07
Y;91050;16.09.2021;983.5954453;-8.2229756;0.0371;0.16;0.11
Y;91050;16.09.2021;949.5941238;-7.9901732;0.0336;0.15;0.1
Y;91050;16.09.2021;915.5937964;-4.6921392;0.0383;0.17;0.12
Y;91050;16.09.2021;881.5350248;-6.5254581;0.0378;0.22;0.11
Y;91050;16.09.2021;847.4762534;-7.5051682;0.0449;0.14;0.08
Y;91050;16.09.2021;812.5398452;-7.970773;0.0417;0.2;0.05
Y;91050;16.09.2021;780.3569696;-7.8640719;0.0398;0.23;0.1
Y;91050;16.09.2021;746.2981978;-7.9319726;0.0392;0.18;0.04
Y;91050;16.09.2021;712.239426;-7.2335654;0.0397;0.18;0.13
Y;91050;16.09.2021;678.1806544;-6.9231622;0.0368;0.21;0.15
Y;91050;16.09.2021;644.1218829;-7.1850649;0.035;0.2;0.08
Y;91050;16.09.2021;610.0631115;-7.7573708;0.0372;0.17;0.06
Y;91050;16.09.2021;576.0043403;-7.5924691;0.0359;0.21;0.06
Y;91050;16.09.2021;542.9438277;-7.3014661;0.0364;0.19;0.19
Y;91050;16.09.2021;508.8850558;-7.1656647;0.0366;0.19;0.03
Y;91050;16.09.2021;474.826284;-7.9610729;0.039;0.2;0.16
Y;91050;16.09.2021;440.7675124;-10.1144951;0.0378;0.23;0.13
Y;91050;16.09.2021;406.708741;-9.6488903;0.0392;0.21;0.13
Y;91050;16.09.2021;372.6499698;-10.3763978;0.0372;0.19;0.08
Y;91050;16.09.2021;338.5911989;-9.3772875;0.036;0.16;0.12
Y;91050;16.09.2021;304.5324285;-9.7458913;0.0368;0.21;0.09
Y;91050;16.09.2021;270.4736586;-10.4054981;0.0373;0.2;0.08
Y;91050;16.09.2021;236.4148895;-10.2114961;0.0372;0.23;0.09
Y;91050;16.09.2021;202.3561217;-10.3666977;0.037;0.18;0.08
Y;91050;16.09.2021;168.2973559;-9.9010929;0.0374;0.18;0.08
Y;91050;16.09.2021;134.2385936;-10.4054981;0.0374;0.22;0.17
Y;91050;16.09.2021;100.1798383;-9.7458913;0.0385;0.22;0.08
Y;91050;16.09.2021;66.12110102;-9.910793;0.0374;0.2;0.06
Y;91050;16.09.2021;33.06055051;-10.0950949;0.0359;0.24;0.17
Y;core;16.09.2021;0;-10.2696967;0.0364;0.18;0.1
Z;rim;16.09.2021;1390.824576;-5.6039486;0.0349;0.16;0.06
Z;91053;16.09.2021;1355.472242;-6.2150549;0.0337;0.21;0.12
Z;91053;16.09.2021;1320.12007;-6.0986537;0.0308;0.16;0.13
Z;91053;16.09.2021;1284.768072;-7.0783638;0.0338;0.16;0.07
Z;91053;16.09.2021;1249.416264;-6.5351582;0.0317;0.18;0.15
Z;91053;16.09.2021;1214.532832;-6.5642585;0.0329;0.19;0.1
Z;91053;16.09.2021;1179.181072;-6.0404531;0.0302;0.19;0.19
Z;91053;16.09.2021;1143.829533;-7.0492635;0.0345;0.17;0.06
Z;91053;16.09.2021;1108.478236;-6.7970609;0.035;0.17;0.1
Z;91053;16.09.2021;1073.59443;-6.7776607;0.0362;0.19;0.15
Z;91053;16.09.2021;1038.243228;-4.5175374;0.0312;0.18;0.13
Z;91053;16.09.2021;1002.892317;-4.7503398;0.0332;0.18;0.1
Z;91053;16.09.2021;968.0082644;-5.5263478;0.0346;0.18;0.04
Z;91053;16.09.2021;932.6574934;-5.4778473;0.0339;0.22;0.15
Z;91053;16.09.2021;897.3070823;-5.933752;0.0347;0.21;0.11
Z;91053;16.09.2021;861.9570755;-7.1074641;0.0354;0.16;0.1
Z;91053;16.09.2021;827.0725482;-7.4275674;0.037;0.18;0.11
Z;91053;16.09.2021;791.722805;-7.2141652;0.038;0.19;0.1
Z;91053;16.09.2021;756.3735849;-7.7379706;0.0386;0.17;0.1
Z;91053;16.09.2021;721.0249649;-7.2044651;0.037;0.14;0.06
Z;91053;16.09.2021;686.1399274;-7.2238653;0.0365;0.2;0.1
Z;91053;16.09.2021;649.9053777;-8.067774;0.0407;0.2;0.06
Z;91053;16.09.2021;613.6709216;-8.4363778;0.0383;0.17;0.13
Z;91053;16.09.2021;577.8996453;-8.1259746;0.0366;0.18;0.13
Z;91053;16.09.2021;541.6650256;-7.8834721;0.0375;0.17;0.06
Z;91053;16.09.2021;505.4305096;-7.1171642;0.0378;0.13;0.1
Z;91053;16.09.2021;469.196121;-6.806761;0.0392;0.2;0.11
Z;91053;16.09.2021;433.424734;-7.9513728;0.0347;0.18;0.06
Z;91053;16.09.2021;397.1901308;-6.8649616;0.0327;0.23;0.05
Z;91053;16.09.2021;360.9556759;-7.7476707;0.0322;0.22;0.08
Z;91053;16.09.2021;324.7214191;-7.7476707;0.0375;0.19;0.14
Z;91053;16.09.2021;288.9498226;-7.4566677;0.0327;0.21;0.11
Z;91053;16.09.2021;252.7152548;-9.3772875;0.0358;0.16;0.1
Z;91053;16.09.2021;216.480946;-9.5712895;0.034;0.2;0.12
Z;91053;16.09.2021;180.709712;-9.0183838;0.0321;0.2;0.12
Z;91053;16.09.2021;144.4749113;-9.5324891;0.0331;0.18;0.1
Z;91053;16.09.2021;108.240473;-9.7943918;0.034;0.19;0.13
Z;91053;16.09.2021;72.00694411;-9.2996867;0.035;0.18;0.06
Z;91053;16.09.2021;36.23534186;-10.6286004;0.0376;0.18;0.05
Z;core;16.09.2021;0;-10.298797;0.0363;0.24;0.15
1;rim;27.09.2021;1189.394804;-5.8076507;0.0505;0.23;0.1
1;91054;27.09.2021;1154.469575;-5.5166477;0.0465;0.19;0.13
1;91054;27.09.2021;1119.54455;-5.3905464;0.0448;0.17;0.38
1;91054;27.09.2021;1085.5418;-5.5651482;0.0477;0.15;0.08
1;91054;27.09.2021;1051.539823;-5.0316427;0.0496;0.21;0.03
1;91054;27.09.2021;1016.615955;-4.5563378;0.0474;0.15;0.04
1;91054;27.09.2021;982.6153876;-6.0210529;0.0466;0.2;0.1
1;91054;27.09.2021;948.6158337;-5.0413428;0.0429;0.16;0.12
1;91054;27.09.2021;914.0771302;-5.836751;0.0469;0.18;0.06
1;91054;27.09.2021;880.4618106;-3.9161312;0.0488;0.18;0.1
1;91054;27.09.2021;846.8465032;-5.0510429;0.0458;0.18;0.1
1;91054;28.09.2021;812.3078234;-6.224755;0.0443;0.15;0.04
1;91054;28.09.2021;778.6924939;-6.1665544;0.0439;0.16;0.13
1;91054;28.09.2021;745.0771772;-6.8649616;0.0441;0.15;0.04
1;91054;28.09.2021;710.5385282;-6.2053548;0.0451;0.2;0.17
1;91054;28.09.2021;676.9231862;-5.6912495;0.0487;0.19;0.04
1;91054;28.09.2021;643.3078579;-5.157744;0.0491;0.15;0.04
1;91054;28.09.2021;609.6925455;-6.0210529;0.0492;0.2;0.06
1;91054;28.09.2021;575.1538924;-6.5836587;0.0501;0.13;0.04
1;91054;28.09.2021;541.538549;-6.70976;0.0508;0.18;0.24
1;91054;28.09.2021;507.9232225;-6.7291602;0.0515;0.2;0.1
1;91054;28.09.2021;473.3846216;-6.9619626;0.0518;0.17;0.09
1;91054;28.09.2021;439.7692577;-6.1762545;0.0528;0.15;0.12
1;91054;28.09.2021;406.1539117;-7.0686637;0.0523;0.2;0.07
1;91054;28.09.2021;371.6153926;-7.0201632;0.0518;0.15;0.11
1;91054;28.09.2021;338;-5.351746;0.0513;0.15;0.07
1;91054;28.09.2021;304.3846251;-5.6815494;0.0519;0.17;0.11
1;91054;28.09.2021;269.8462525;-6.6321592;0.0537;0.14;0.05
1;91054;28.09.2021;236.2308193;-6.1665544;0.0542;0.17;0.08
1;91054;28.09.2021;202.6153992;-6.5836587;0.0551;0.16;0.13
1;91054;28.09.2021;169;-5.1965444;0.0503;0.19;0.19
1;91054;28.09.2021;134.4618905;-5.6039486;0.0496;0.18;0.1
1;91054;28.09.2021;100.8464179;-6.4478573;0.0442;0.19;0.06
1;91054;28.09.2021;67.23094526;-6.127754;0.0459;0.17;0.06
1;91054;28.09.2021;32.69556545;-6.7194601;0.0461;0.19;0.08
1;core;28.09.2021;0;-7.0783638;0.0484;0.14;0.07
4;rim;27.09.2021;2436.853709;-8.261776;0.0669;0.37;0.59
4;91328;27.09.2021;2401.521601;-4.5272375;0.0527;0.15;0.11
4;91328;27.09.2021;2366.190187;-6.5351582;0.065;0.2;0.07
4;91328;27.09.2021;2330.806727;-4.9831422;0.054;0.22;0.1
4;91328;27.09.2021;2295.423273;-3.4408263;0.0536;0.2;0.13
4;91328;27.09.2021;2260.039823;-4.7503398;0.0571;0.2;0.19
4;91328;27.09.2021;2224.656378;-5.1868443;0.057;0.19;0.14
4;91328;27.09.2021;2189.272939;-2.6260179;0.0522;0.16;0.17
4;91328;27.09.2021;2153.889505;-4.7115394;0.0521;0.16;0.11
4;91328;27.09.2021;2119.238778;-6.9813628;0.0599;0.25;0.1
4;91328;27.09.2021;2083.855321;-4.1780339;0.0524;0.17;0.18
4;91328;27.09.2021;2048.471869;-4.1295334;0.0546;0.15;0.08
4;91328;27.09.2021;2013.088423;-6.2441552;0.0637;0.12;0.24
4;91328;27.09.2021;1977.704983;-3.7512295;0.0542;0.25;0.18
4;91328;27.09.2021;1942.321549;-5.2256447;0.0587;0.16;0.18
4;91328;27.09.2021;1906.938122;-6.612759;0.0568;0.12;0.27
4;91328;27.09.2021;1872.287371;-3.0916227;0.0475;0.22;0.18
4;91328;27.09.2021;1836.903917;-3.993732;0.0496;0.13;0.08
4;91328;27.09.2021;1801.520469;-5.8464511;0.06;0.19;0.13
4;91328;27.09.2021;1766.137028;-6.6903598;0.0625;0.18;0.39
4;91328;27.09.2021;1730.753593;-2.9461212;0.0473;0.16;0.09
4;91328;27.09.2021;1695.370166;-3.3729256;0.0468;0.17;0.1
4;91328;27.09.2021;1659.986747;-4.4690369;0.0518;0.17;0.09
4;91328;27.09.2021;1625.335965;-6.4478573;0.0574;0.19;0.14
4;91328;27.09.2021;1589.952515;-6.7194601;0.0543;0.17;0.16
4;91328;27.09.2021;1554.569072;-5.1480439;0.0554;0.19;0.1
4;91328;27.09.2021;1519.185637;-3.79973;0.053;0.17;0.1
4;91328;27.09.2021;1483.802211;-5.0025424;0.0502;0.18;0.29
4;91328;27.09.2021;1447.738236;-5.8464511;0.0523;0.15;0.12
4;91328;27.09.2021;1412.354771;-7.3984671;0.0596;0.2;0.25
4;91328;27.09.2021;1377.70425;-3.120723;0.0525;0.17;0.14
4;91328;27.09.2021;1342.320752;-3.7415294;0.0527;0.2;0.11
4;91328;27.09.2021;1306.937259;-5.1286437;0.0505;0.17;0.06
4;91328;27.09.2021;1271.553774;-6.0113528;0.0518;0.16;0.18
4;91328;27.09.2021;1236.170296;-6.3120559;0.0519;0.2;0.07
4;91328;27.09.2021;1200.786825;-6.2635554;0.0555;0.19;0.2
4;91328;27.09.2021;1165.403364;-4.4690369;0.0492;0.17;0.05
4;91328;27.09.2021;1130.752847;-6.3993568;0.0494;0.16;0.1
4;91328;27.09.2021;1095.369344;-6.8261612;0.0507;0.16;0.08
4;91328;27.09.2021;1059.985849;-6.6321592;0.0493;0.21;0.11
4;91328;27.09.2021;1045.241599;-6.7776607;0.0483;0.19;0.09
4;91328;27.09.2021;989.2188838;-6.0113528;0.046;0.18;0.05
4;91328;27.09.2021;953.8354156;-5.9919526;0.0472;0.21;0.1
4;91328;27.09.2021;918.4519585;-6.5060579;0.0476;0.18;0.06
4;91328;27.09.2021;883.8014483;-6.4090569;0.0492;0.19;0.18
4;91328;27.09.2021;848.4179395;-4.2944351;0.0483;0.19;0.11
4;91328;27.09.2021;813.0344396;-5.4196467;0.0713;0.11;0.2
4;91328;27.09.2021;777.65095;-6.321756;0.0644;0.18;0.04
4;91328;27.09.2021;742.267472;-5.8949516;0.0477;0.18;0.08
4;91328;27.09.2021;706.8840075;-5.9046517;0.0493;0.22;0.09
4;91328;27.09.2021;671.5005585;-6.4963578;0.0462;0.18;0.07
4;91328;27.09.2021;636.1171276;-6.1568543;0.0445;0.18;0.06
4;91328;27.09.2021;601.466541;-6.5060579;0.0428;0.18;0.05
4;91328;27.09.2021;566.0830328;-6.2732555;0.0449;0.21;0.02
4;91328;27.09.2021;530.6995383;-6.1180539;0.0441;0.18;0.11
4;91328;27.09.2021;494.63623;-7.2626657;0.0445;0.19;0.09
4;91328;27.09.2021;459.9326038;-6.2829556;0.0442;0.17;0.03
4;91328;27.09.2021;423.8690836;-7.1850649;0.0471;0.18;0.04
4;91328;27.09.2021;389.1657744;-6.7291602;0.0478;0.18;0.17
4;91328;27.09.2021;353.8361203;-7.7476707;0.0507;0.17;0.18
4;91328;27.09.2021;319.1316343;-7.6118693;0.0473;0.2;0.08
4;91328;27.09.2021;283.0688962;-6.030753;0.0414;0.16;0.03
4;91328;27.09.2021;248.3646513;-6.2732555;0.0475;0.18;0.05
4;91328;27.09.2021;212.3016722;-5.6330489;0.0474;0.18;0.18
4;91328;27.09.2021;177.5978603;-4.6339386;0.0495;0.18;0.1
4;91328;27.09.2021;141.5344481;-7.1074641;0.0511;0.17;0.07
4;91328;27.09.2021;107.5639345;-4.8764411;0.0424;0.17;0.21
4;91328;27.09.2021;70.76722405;-5.9822525;0.0464;0.21;0.04
4;91328;27.09.2021;36.12478374;-6.2150549;0.0471;0.16;0.15
4;core;27.09.2021;0;-5.836751;0.0469;0.18;0.05
