Analysis;Analysis;Type;Oto number;Date;;;time after start (h);;east - west (µm);north - south (µm);primary current (nA);16 O ions per sec;18O/16O measured;1 SE (‰);;;DT-FA-x (bits);DT-FA-y (bits);entrance slit (bits);;;18O/16O IMF Corrected;d18O SMOW;
A-18O-Pt01;PSO-#A@01;Pt;BH-00729;13.02.2021;;;19.83;;-2655;6586;0.81;1.93E+09;0.0020504;0.083;;;-34;-40;13;;;0.00205811;26.39;
A-18O-Pt02;PSO-#A@02;Pt;BH-00729;13.02.2021;;;19.9;;-2638;6662;0.81;1.91E+09;0.00205227;0.075;;;-36;-42;13;;;0.00205998;27.32;
A-18O-Pt03;PSO-#A@03;Pt;BH-00729;13.02.2021;;;19.97;;-2427;6487;0.8;1.92E+09;0.00205046;0.115;;;-29;-36;10;;;0.00205817;26.42;
A-18O-Pt04;PSO-#A@04;Pt;BH-00729;13.02.2021;;;20.03;;-2399;6571;0.8;1.93E+09;0.00204964;0.117;;;-30;-38;9;;;0.00205734;26;
A-18O-Pt05;PSO-#A@05;Pt;BH-00729;13.02.2021;;;20.08;;-2203;6419;0.8;1.93E+09;0.00204901;0.091;;;-25;-33;9;;;0.00205672;25.69;
A-18O-Pt06;PSO-#A@06;Pt;BH-00729;13.02.2021;;;20.15;;-2186;6487;0.8;1.92E+09;0.00204896;0.109;;;-27;-34;9;;;0.00205667;25.67;
A-18O-Pt07;PSO-#A@07;Pt;BH-00729;13.02.2021;;;20.22;;-1824;6444;0.76;1.94E+09;0.00204634;0.078;;;-21;-30;11;;;0.00205403;24.35;
A-18O-Pt08;PSO-#A@08;Pt;BH-00729;13.02.2021;;;20.28;;-1800;6500;0.82;1.94E+09;0.00204877;0.088;;;-22;-31;11;;;0.00205647;25.57;
A-18O-trans002;PSO-#A@02;tr;BH-00729;13.02.2021;;;17.32;;-2304;7024;0.86;2.03E+09;0.00204948;0.095;;;-34;-48;11;;;0.00205718;25.92;
A-18O-trans003;PSO-#A@03;tr;BH-00729;13.02.2021;;;17.52;;-2266;6996;0.86;1.99E+09;0.00205214;0.089;;;-33;-47;11;;;0.00205985;27.26;
A-18O-trans004;PSO-#A@04;tr;BH-00729;13.02.2021;;;17.58;;-2228;6968;0.85;1.98E+09;0.00205008;0.085;;;-31;-45;11;;;0.00205778;26.22;
A-18O-trans005;PSO-#A@05;tr;BH-00729;13.02.2021;;;17.63;;-2189;6940;0.85;2.01E+09;0.0020463;0.11;;;-30;-44;10;;;0.002054;24.34;
A-18O-trans006;PSO-#A@06;tr;BH-00729;13.02.2021;;;17.7;;-2150;6912;0.86;1.98E+09;0.00204928;0.115;;;-29;-44;11;;;0.00205698;25.82;
A-18O-trans007;PSO-#A@07;tr;BH-00729;13.02.2021;;;17.77;;-2111;6884;0.86;2.00E+09;0.00204807;0.064;;;-28;-43;10;;;0.00205577;25.22;
A-18O-trans008;PSO-#A@08;tr;BH-00729;13.02.2021;;;17.83;;-2072;6856;0.85;2.01E+09;0.00204869;0.116;;;-27;-41;9;;;0.0020564;25.53;
A-18O-trans009;PSO-#A@09;tr;BH-00729;13.02.2021;;;17.9;;-2033;6828;0.86;2.01E+09;0.00204959;0.099;;;-27;-40;9;;;0.00205729;25.98;
A-18O-trans01;PSO-#A@01;tr;margin;13.02.2021;;;17.25;;-2342;7053;0.86;1.99E+09;0.00204865;0.081;;;-35;-49;14;;;0.00205636;25.51;
A-18O-trans010;PSO-#A@10;tr;BH-00729;13.02.2021;;;17.97;;-1994;6800;0.85;2.01E+09;0.00204858;0.115;;;-26;-41;8;;;0.00205628;25.47;
A-18O-trans011;PSO-#A@11;tr;BH-00729;13.02.2021;;;18.03;;-1955;6772;0.87;2.04E+09;0.00204736;0.075;;;-25;-39;8;;;0.00205506;24.86;
A-18O-trans012;PSO-#A@12;tr;BH-00729;13.02.2021;;;18.08;;-1916;6744;0.87;2.01E+09;0.00205099;0.075;;;-24;-38;8;;;0.0020587;26.68;
A-18O-trans013;PSO-#A@13;tr;BH-00729;13.02.2021;;;18.15;;-1877;6716;0.86;1.99E+09;0.00204855;0.092;;;-23;-37;8;;;0.00205626;25.46;
A-18O-trans014;PSO-#A@14;tr;BH-00729;13.02.2021;;;18.22;;-1850;6694;0.84;2.00E+09;0.00204853;0.096;;;-23;-38;10;;;0.00205623;25.45;
A-18O-trans015;PSO-#A@15;tr;BH-00729;13.02.2021;;;18.28;;-1823;6672;0.84;1.97E+09;0.0020487;0.124;;;-22;-37;10;;;0.0020564;25.53;
A-18O-trans016;PSO-#A@16;tr;BH-00729;13.02.2021;;;18.35;;-1796;6652;0.84;2.02E+09;0.0020481;0.117;;;-22;-36;11;;;0.00205579;25.23;
A-18O-trans017;PSO-#A@17;tr;BH-00729;13.02.2021;;;18.42;;-1769;6630;0.85;2.00E+09;0.00204939;0.096;;;-21;-35;10;;;0.00205709;25.88;
A-18O-trans018;PSO-#A@18;tr;BH-00729;13.02.2021;;;18.55;;-1742;6610;0.83;1.98E+09;0.00204776;0.126;;;-21;-35;10;;;0.00205546;25.07;
A-18O-trans019;PSO-#A@19;tr;BH-00729;13.02.2021;;;18.62;;-1715;6588;0.81;1.93E+09;0.00204921;0.115;;;-20;-34;9;;;0.00205691;25.79;
A-18O-trans020;PSO-#A@20;tr;BH-00729;13.02.2021;;;18.67;;-1688;6568;0.81;1.98E+09;0.00204637;0.096;;;-20;-34;10;;;0.00205406;24.37;
A-18O-trans021;PSO-#A@21;tr;BH-00729;13.02.2021;;;18.73;;-1661;6546;0.81;1.98E+09;0.00204667;0.11;;;-19;-33;10;;;0.00205437;24.52;
A-18O-trans022;PSO-#A@22;tr;BH-00729;13.02.2021;;;18.8;;-1634;6526;0.82;1.89E+09;0.00204845;0.124;;;-18;-33;12;;;0.00205615;25.41;
A-18O-trans023;PSO-#A@23;tr;BH-00729;13.02.2021;;;18.87;;-1607;6504;0.82;1.99E+09;0.00204672;0.094;;;-18;-32;9;;;0.00205441;24.54;
A-18O-trans024;PSO-#A@24;tr;BH-00729;13.02.2021;;;18.93;;-1580;6484;0.83;1.97E+09;0.00204668;0.124;;;-17;-31;10;;;0.00205438;24.52;
A-18O-trans025;PSO-#A@25;tr;BH-00729;13.02.2021;;;19;;-1553;6462;0.82;1.97E+09;0.00205064;0.132;;;-17;-30;10;;;0.00205835;26.5;
A-18O-trans026;PSO-#A@26;tr;BH-00729;13.02.2021;;;19.05;;-1525;6442;0.82;1.97E+09;0.0020485;0.105;;;-16;-30;10;;;0.0020562;25.43;
A-18O-trans027;PSO-#A@27;tr;BH-00729;13.02.2021;;;19.12;;-1497;6420;0.81;1.96E+09;0.00204725;0.096;;;-16;-29;9;;;0.00205494;24.81;
A-18O-trans028;PSO-#A@28;tr;BH-00729;13.02.2021;;;19.18;;-1469;6400;0.81;1.97E+09;0.00204535;0.088;;;-15;-28;8;;;0.00205304;23.86;
A-18O-trans029;PSO-#A@29;tr;BH-00729;13.02.2021;;;19.25;;-1441;6378;0.82;1.97E+09;0.00204689;0.091;;;-15;-28;10;;;0.00205459;24.63;
A-18O-trans030;PSO-#A@30;tr;BH-00729;13.02.2021;;;19.32;;-1413;6358;0.82;1.96E+09;0.00204422;0.122;;;-15;-28;9;;;0.0020519;23.29;
A-18O-trans031;PSO-#A@31;tr;BH-00729;13.02.2021;;;19.38;;-1385;6336;0.82;1.64E+09;0.00204274;0.122;;;-14;-28;8;;;0.00205042;22.55;
A-18O-trans032;PSO-#A@32;tr;BH-00729;13.02.2021;;;19.45;;-1357;6316;0.82;1.89E+09;0.00204597;0.151;;;-14;-27;8;;;0.00205366;24.17;
A-18O-trans033;PSO-#A@33;tr;BH-00729;13.02.2021;;;19.63;;-1329;6294;0.8;1.96E+09;0.00204747;0.099;;;-13;-26;9;;;0.00205517;24.92;
A-18O-trans034;PSO-#A@34;tr;BH-00729;13.02.2021;;;19.7;;-1301;6273;0.8;1.96E+09;0.00204478;0.132;;;-13;-26;11;;;0.00205247;23.57;
A-18O-trans035;PSO-#A@35;tr;core;13.02.2021;;;19.77;;-1273;6252;0.82;1.99E+09;0.00204462;0.085;;;-12;-25;8;;;0.0020523;23.49;
B-18O-Pt01;PSO-#B@01;Pt;BH-00670;13.02.2021;;;16.62;;-3861;5583;0.83;1.96E+09;0.00205174;0.08;;;-41;-32;10;;;0.00205946;27.06;
B-18O-Pt010;PSO-#B@10;Pt;BH-00670;13.02.2021;;;17.18;;-3823;5000;0.86;1.99E+09;0.00205091;0.127;;;-33;-22;10;;;0.00205862;26.64;
B-18O-Pt02;PSO-#B@02;Pt;BH-00670;13.02.2021;;;16.67;;-3793;5569;0.82;1.92E+09;0.00205139;0.112;;;-39;-32;12;;;0.0020591;26.88;
B-18O-Pt03;PSO-#B@03;Pt;BH-00670;13.02.2021;;;16.73;;-3877;5478;0.83;1.98E+09;0.00204857;0.123;;;-40;-31;11;;;0.00205627;25.47;
B-18O-Pt04;PSO-#B@04;Pt;BH-00670;13.02.2021;;;16.8;;-3812;5464;0.83;1.96E+09;0.00205009;0.118;;;-38;-30;10;;;0.0020578;26.23;
B-18O-Pt05;PSO-#B@05;Pt;BH-00670;13.02.2021;;;16.87;;-3868;5389;0.83;1.98E+09;0.00204992;0.101;;;-38;-28;12;;;0.00205763;26.15;
B-18O-Pt06;PSO-#B@06;Pt;BH-00670;13.02.2021;;;16.93;;-3821;5355;0.83;1.99E+09;0.00204905;0.106;;;-37;-27;9;;;0.00205675;25.71;
B-18O-Pt07;PSO-#B@07;Pt;BH-00670;13.02.2021;;;17;;-3857;5199;0.84;2.02E+09;0.00205192;0.098;;;-36;-25;9;;;0.00205963;27.15;
B-18O-Pt08;PSO-#B@08;Pt;BH-00670;13.02.2021;;;17.07;;-3800;5170;0.84;2.01E+09;0.00204994;0.089;;;-34;-24;10;;;0.00205764;26.15;
B-18O-Pt09;PSO-#B@09;Pt;BH-00670;13.02.2021;;;17.12;;-3860;5035;0.85;2.02E+09;0.0020491;0.094;;;-34;-23;9;;;0.0020568;25.73;
B-18O-trans002;PSO-#B@02;tr;BH-00670;13.02.2021;;;14.55;;-3945;5617;0.89;2.02E+09;0.00205263;0.102;;;-43;-33;15;;;0.00206035;27.5;
B-18O-trans003;PSO-#B@03;tr;BH-00670;13.02.2021;;;14.62;;-3945;5567;0.88;2.03E+09;0.00204898;0.105;;;-42;-32;12;;;0.00205668;25.67;
B-18O-trans004;PSO-#B@04;tr;BH-00670;13.02.2021;;;14.68;;-3945;5517;0.88;2.01E+09;0.00204866;0.112;;;-42;-31;15;;;0.00205636;25.51;
B-18O-trans005;PSO-#B@05;tr;BH-00670;13.02.2021;;;14.73;;-3945;5468;0.88;2.01E+09;0.00204876;0.129;;;-41;-30;12;;;0.00205647;25.57;
B-18O-trans006;PSO-#B@06;tr;BH-00670;13.02.2021;;;14.8;;-3945;5418;0.87;2.00E+09;0.00205107;0.119;;;-41;-29;14;;;0.00205878;26.72;
B-18O-trans007;PSO-#B@07;tr;BH-00670;13.02.2021;;;14.87;;-3945;5369;0.87;2.01E+09;0.00204896;0.15;;;-40;-28;14;;;0.00205666;25.66;
B-18O-trans008;PSO-#B@08;tr;BH-00670;13.02.2021;;;14.93;;-3945;5319;0.88;2.02E+09;0.0020492;0.078;;;-40;-27;12;;;0.00205691;25.79;
B-18O-trans009;PSO-#B@09;tr;BH-00670;13.02.2021;;;15;;-3945;5269;0.86;2.00E+09;0.00204946;0.113;;;-39;-26;14;;;0.00205716;25.91;
B-18O-trans01;PSO-#B@01;tr;margin;13.02.2021;;;14.48;;-3945;5667;0.88;1.95E+09;0.00204933;0.11;;;-44;-33;11;;;0.00205703;25.85;
B-18O-trans010;PSO-#B@10;tr;BH-00670;13.02.2021;;;15.07;;-3945;5221;0.86;1.99E+09;0.00205003;0.134;;;-38;-26;13;;;0.00205773;26.2;
B-18O-trans011;PSO-#B@11;tr;BH-00670;13.02.2021;;;15.13;;-3945;5186;0.86;2.02E+09;0.00205041;0.111;;;-38;-25;13;;;0.00205811;26.39;
B-18O-trans012;PSO-#B@12;tr;BH-00670;13.02.2021;;;15.18;;-3945;5152;0.87;2.04E+09;0.00204973;0.096;;;-38;-24;12;;;0.00205743;26.05;
B-18O-trans013;PSO-#B@13;tr;BH-00670;13.02.2021;;;15.38;;-3945;5118;0.87;2.03E+09;0.00204792;0.111;;;-38;-23;13;;;0.00205562;25.14;
B-18O-trans014;PSO-#B@14;tr;BH-00670;13.02.2021;;;15.45;;-3945;5085;0.87;2.03E+09;0.0020484;0.105;;;-37;-23;13;;;0.0020561;25.38;
B-18O-trans015;PSO-#B@15;tr;BH-00670;13.02.2021;;;15.52;;-3945;5051;0.87;2.03E+09;0.0020486;0.107;;;-37;-22;11;;;0.00205631;25.49;
B-18O-trans016;PSO-#B@16;tr;BH-00670;13.02.2021;;;15.58;;-3945;5018;0.88;2.03E+09;0.00205024;0.103;;;-37;-22;13;;;0.00205795;26.3;
B-18O-trans017;PSO-#B@17;tr;BH-00670;13.02.2021;;;15.65;;-3945;4984;0.86;2.02E+09;0.00204825;0.111;;;-36;-21;11;;;0.00205595;25.31;
B-18O-trans018;PSO-#B@18;tr;BH-00670;13.02.2021;;;15.7;;-3945;4951;0.86;2.02E+09;0.00204766;0.121;;;-36;-21;11;;;0.00205536;25.02;
B-18O-trans019;PSO-#B@19;tr;BH-00670;13.02.2021;;;15.77;;-3945;4918;0.85;2.04E+09;0.00204653;0.132;;;-36;-20;13;;;0.00205422;24.45;
B-18O-trans020;PSO-#B@20;tr;BH-00670;13.02.2021;;;15.83;;-3945;4884;0.87;2.04E+09;0.00204523;0.098;;;-35;-19;11;;;0.00205292;23.8;
B-18O-trans021;PSO-#B@21;tr;BH-00670;13.02.2021;;;15.9;;-3945;4850;0.87;2.04E+09;0.00205029;0.112;;;-35;-19;12;;;0.002058;26.33;
B-18O-trans022;PSO-#B@22;tr;BH-00670;13.02.2021;;;15.97;;-3945;4817;0.88;2.01E+09;0.0020485;0.114;;;-34;-19;13;;;0.0020562;25.43;
B-18O-trans023;PSO-#B@23;tr;BH-00670;13.02.2021;;;16.03;;-3945;4784;0.89;2.00E+09;0.00204626;0.13;;;-34;-18;12;;;0.00205395;24.31;
B-18O-trans024;PSO-#B@24;tr;BH-00670;13.02.2021;;;16.1;;-3945;4750;0.88;1.79E+09;0.00204239;0.185;;;-34;-18;12;;;0.00205007;22.38;
B-18O-trans025;PSO-#B@25;tr;BH-00670;13.02.2021;;;16.15;;-3945;4716;0.87;2.04E+09;0.00204804;0.095;;;-34;-17;11;;;0.00205574;25.2;
B-18O-trans026;PSO-#B@26;tr;BH-00670;13.02.2021;;;16.22;;-3945;4683;0.87;2.05E+09;0.00204725;0.129;;;-33;-17;10;;;0.00205494;24.81;
B-18O-trans027;PSO-#B@27;tr;BH-00670;13.02.2021;;;16.28;;-3945;4650;0.86;2.04E+09;0.0020467;0.122;;;-33;-16;11;;;0.00205439;24.53;
B-18O-trans028;PSO-#B@28;tr;BH-00670;13.02.2021;;;16.42;;-3944;4616;0.87;1.71E+09;0.00204497;0.116;;;-32;-16;10;;;0.00205265;23.67;
B-18O-trans029;PSO-#B@29;tr;BH-00670;13.02.2021;;;16.48;;-3943;4582;0.85;2.03E+09;0.00204629;0.082;;;-32;-16;11;;;0.00205398;24.33;
B-18O-trans030;PSO-#B@30;tr;core;13.02.2021;;;16.55;;-3942;4550;0.84;1.98E+09;0.0020455;0.092;;;-32;-15;11;;;0.00205319;23.93;
D-18O-Pt002;PSO-#D@02;Pt;BH-01570;12.02.2021;;;4.05;;-2618;-5222;1.1;2.33E+09;0.00205003;0.077;;;-12;40;5;;;0.00205774;26.2;
D-18O-Pt003;PSO-#D@03;Pt;BH-01570;12.02.2021;;;4.12;;-2764;-5162;1.1;2.36E+09;0.0020504;0.121;;;-14;40;6;;;0.00205811;26.39;
D-18O-Pt004;PSO-#D@04;Pt;BH-01570;12.02.2021;;;4.18;;-2706;-5100;1.1;2.36E+09;0.00205015;0.118;;;-12;39;5;;;0.00205785;26.26;
D-18O-Pt005;PSO-#D@05;Pt;BH-01570;12.02.2021;;;4.25;;-2825;-5030;1.1;2.32E+09;0.00205184;0.106;;;-14;39;6;;;0.00205955;27.11;
D-18O-Pt006;PSO-#D@06;Pt;BH-01570;12.02.2021;;;4.32;;-2762;-4989;1.09;2.33E+09;0.00204977;0.108;;;-12;38;4;;;0.00205748;26.07;
D-18O-Pt007;PSO-#D@07;Pt;BH-01570;12.02.2021;;;4.38;;-2902;-4924;1.09;2.35E+09;0.00205168;0.108;;;-14;38;5;;;0.00205939;27.02;
D-18O-Pt008;PSO-#D@08;Pt;BH-01570;12.02.2021;;;4.43;;-2854;-4877;1.09;2.33E+09;0.00204785;0.108;;;-13;37;4;;;0.00205554;25.11;
D-18O-Pt009;PSO-#D@09;Pt;BH-01570;12.02.2021;;;4.5;;-2974;-4776;1.08;2.33E+09;0.00205008;0.101;;;-14;36;4;;;0.00205779;26.23;
D-18O-Pt01;PSO-#D@01;Pt;BH-01570;12.02.2021;;;3.98;;-2661;-5279;1.11;2.35E+09;0.00205091;0.094;;;-13;41;5;;;0.00205862;26.64;
D-18O-Pt010;PSO-#D@10;Pt;BH-01570;12.02.2021;;;4.7;;-2920;-4708;1.07;2.33E+09;0.0020529;0.103;;;-13;35;4;;;0.00206062;27.64;
D-18O-Pt011;PSO-#D@11;Pt;BH-01570;12.02.2021;;;4.77;;-3123;-4579;1.09;2.35E+09;0.00205115;0.105;;;-14;35;6;;;0.00205886;26.76;
D-18O-Pt012;PSO-#D@12;Pt;BH-01570;12.02.2021;;;4.83;;-3043;-4539;1.09;2.34E+09;0.0020501;0.077;;;-13;33;5;;;0.00205781;26.24;
D-18O-Pt013;PSO-#D@13;Pt;BH-01570;12.02.2021;;;4.9;;-3343;-4219;1.09;2.35E+09;0.00204943;0.106;;;-15;31;5;;;0.00205713;25.9;
D-18O-Pt014;PSO-#D@14;Pt;BH-01570;12.02.2021;;;4.95;;-3300;-4162;1.09;2.32E+09;0.00204844;0.114;;;-15;31;3;;;0.00205615;25.41;
D-18O-trans002;PSO-#D@02;tr;BH-01570;12.02.2021;;;0.45;;-2624;-5585;1.25;2.55E+09;0.00205518;0.095;;;-16;47;4;;;0.0020629;28.78;
D-18O-trans003;PSO-#D@03;tr;BH-01570;12.02.2021;;;0.52;;-2649;-5543;1.24;2.53E+09;0.00205305;0.105;;;-16;46;6;;;0.00206076;27.71;
D-18O-trans004;PSO-#D@04;tr;BH-01570;12.02.2021;;;0.57;;-2674;-5501;1.23;2.55E+09;0.00205228;0.093;;;-16;45;5;;;0.00205999;27.32;
D-18O-trans005;PSO-#D@05;tr;BH-01570;12.02.2021;;;0.63;;-2699;-5459;1.23;2.52E+09;0.00204904;0.094;;;-16;45;7;;;0.00205674;25.71;
D-18O-trans006;PSO-#D@06;tr;BH-01570;12.02.2021;;;0.7;;-2724;-5417;1.23;2.55E+09;0.00205122;0.087;;;-16;45;6;;;0.00205893;26.8;
D-18O-trans007;PSO-#D@07;tr;BH-01570;12.02.2021;;;0.77;;-2749;-5375;1.24;2.52E+09;0.00205091;0.081;;;-16;44;8;;;0.00205862;26.64;
D-18O-trans008;PSO-#D@08;tr;BH-01570;12.02.2021;;;0.83;;-2774;-5333;1.24;2.55E+09;0.00205349;0.059;;;-16;43;5;;;0.00206121;27.93;
D-18O-trans009;PSO-#D@09;tr;BH-01570;12.02.2021;;;0.9;;-2799;-5291;1.24;2.53E+09;0.00205045;0.098;;;-16;43;8;;;0.00205815;26.41;
D-18O-trans01;PSO-#D@01;tr;margin;12.02.2021;;;0.38;;-2598;-5627;1.23;2.53E+09;0.00204914;0.105;;;-16;45;6;;;0.00205684;25.75;
D-18O-trans010;PSO-#D@10;tr;BH-01570;12.02.2021;;;0.97;;-2824;-5249;1.23;2.54E+09;0.00205322;0.103;;;-16;43;6;;;0.00206093;27.79;
D-18O-trans011;PSO-#D@11;tr;BH-01570;12.02.2021;;;1.02;;-2849;-5207;1.23;2.52E+09;0.00205085;0.068;;;-16;43;8;;;0.00205856;26.61;
D-18O-trans012;PSO-#D@12;tr;BH-01570;12.02.2021;;;1.08;;-2874;-5165;1.23;2.54E+09;0.00205027;0.077;;;-16;42;6;;;0.00205798;26.32;
D-18O-trans013;PSO-#D@13;tr;BH-01570;12.02.2021;;;1.15;;-2899;-5123;1.23;2.51E+09;0.00204919;0.094;;;-16;41;8;;;0.0020569;25.78;
D-18O-trans014;PSO-#D@14;tr;BH-01570;12.02.2021;;;1.22;;-2924;-5081;1.23;2.53E+09;0.00204989;0.094;;;-16;41;5;;;0.00205759;26.13;
D-18O-trans015;PSO-#D@15;tr;BH-01570;12.02.2021;;;1.28;;-2949;-5039;1.22;2.49E+09;0.00205187;0.08;;;-17;41;9;;;0.00205959;27.12;
D-18O-trans016;PSO-#D@16;tr;BH-01570;12.02.2021;;;1.42;;-2974;-4997;1.21;2.54E+09;0.00204938;0.078;;;-17;40;6;;;0.00205709;25.88;
D-18O-trans017;PSO-#D@17;tr;BH-01570;12.02.2021;;;1.48;;-2999;-4955;1.21;2.49E+09;0.0020529;0.111;;;-16;39;7;;;0.00206062;27.64;
D-18O-trans018;PSO-#D@18;tr;BH-01570;12.02.2021;;;1.53;;-3024;-4913;1.21;2.50E+09;0.00204802;0.12;;;-17;39;5;;;0.00205572;25.2;
D-18O-trans019;PSO-#D@19;tr;BH-01570;12.02.2021;;;1.6;;-3049;-4870;1.21;2.51E+09;0.0020531;0.102;;;-17;39;8;;;0.00206081;27.73;
D-18O-trans020;PSO-#D@20;tr;BH-01570;12.02.2021;;;1.67;;-3074;-4827;1.21;2.48E+09;0.00204999;0.084;;;-17;38;7;;;0.0020577;26.18;
D-18O-trans021;PSO-#D@21;tr;BH-01570;12.02.2021;;;1.73;;-3093;-4798;1.2;2.48E+09;0.00204925;0.088;;;-17;39;6;;;0.00205695;25.81;
D-18O-trans022;PSO-#D@22;tr;BH-01570;12.02.2021;;;1.8;;-3112;-4769;1.2;2.50E+09;0.00205065;0.106;;;-17;39;3;;;0.00205836;26.51;
D-18O-trans023;PSO-#D@23;tr;BH-01570;12.02.2021;;;1.87;;-3131;-4740;1.21;2.47E+09;0.00204867;0.128;;;-17;37;2;;;0.00205637;25.52;
D-18O-trans024;PSO-#D@24;tr;BH-01570;12.02.2021;;;1.93;;-3150;-4711;1.2;2.49E+09;0.00204936;0.125;;;-17;38;5;;;0.00205707;25.87;
D-18O-trans025;PSO-#D@25;tr;BH-01570;12.02.2021;;;1.98;;-3169;-4682;1.21;2.49E+09;0.00204846;0.096;;;-17;38;4;;;0.00205616;25.41;
D-18O-trans026;PSO-#D@26;tr;BH-01570;12.02.2021;;;2.05;;-3188;-4653;1.2;2.50E+09;0.00204871;0.109;;;-17;38;3;;;0.00205641;25.54;
D-18O-trans027;PSO-#D@27;tr;BH-01570;12.02.2021;;;2.12;;-3207;-4623;1.21;2.49E+09;0.00205114;0.092;;;-17;37;6;;;0.00205885;26.76;
D-18O-trans028;PSO-#D@28;tr;BH-01570;12.02.2021;;;2.18;;-3226;-4593;1.21;2.51E+09;0.00205018;0.099;;;-17;37;3;;;0.00205789;26.27;
D-18O-trans029;PSO-#D@29;tr;BH-01570;12.02.2021;;;2.25;;-3244;-4563;1.2;2.46E+09;0.00204834;0.096;;;-18;37;6;;;0.00205604;25.35;
D-18O-trans030;PSO-#D@30;tr;BH-01570;12.02.2021;;;2.32;;-3262;-4533;1.19;2.47E+09;0.00204908;0.105;;;-18;36;3;;;0.00205678;25.72;
D-18O-trans031;PSO-#D@31;tr;BH-01570;12.02.2021;;;2.5;;-3280;-4503;1.19;2.30E+09;0.00204766;0.075;;;-18;36;3;;;0.00205536;25.01;
D-18O-trans032;PSO-#D@32;tr;BH-01570;12.02.2021;;;2.57;;-3298;-4473;1.18;1.20E+09;0.00204266;0.153;;;-17;30;4;;;0.00205034;22.51;
D-18O-trans033;PSO-#D@33;tr;BH-01570;12.02.2021;;;2.63;;-3316;-4443;1.19;2.39E+09;0.00204833;0.101;;;-18;36;10;;;0.00205603;25.35;
D-18O-trans034;PSO-#D@34;tr;BH-01570;12.02.2021;;;2.7;;-3334;-4413;1.19;2.46E+09;0.00205366;0.09;;;-18;36;4;;;0.00206138;28.02;
D-18O-trans035;PSO-#D@35;tr;BH-01570;12.02.2021;;;2.77;;-3352;-4383;1.18;2.44E+09;0.00205131;0.114;;;-18;38;7;;;0.00205902;26.84;
D-18O-trans036;PSO-#D@36;tr;BH-01570;12.02.2021;;;2.83;;-3370;-4353;1.17;2.43E+09;0.00205049;0.081;;;-18;36;3;;;0.0020582;26.43;
D-18O-trans037;PSO-#D@37;tr;BH-01570;12.02.2021;;;2.9;;-3388;-4323;1.16;2.38E+09;0.00204826;0.103;;;-18;35;6;;;0.00205596;25.31;
D-18O-trans038;PSO-#D@38;tr;BH-01570;12.02.2021;;;2.95;;-3406;-4293;1.14;2.41E+09;0.00204862;0.086;;;-18;35;3;;;0.00205632;25.5;
D-18O-trans039;PSO-#D@39;tr;BH-01570;12.02.2021;;;3.02;;-3424;-4263;1.14;2.39E+09;0.00204985;0.12;;;-18;35;6;;;0.00205755;26.11;
D-18O-trans040;PSO-#D@40;tr;BH-01570;12.02.2021;;;3.08;;-3442;-4233;1.14;2.41E+09;0.00204945;0.102;;;-18;34;3;;;0.00205715;25.91;
D-18O-trans041;PSO-#D@41;tr;BH-01570;12.02.2021;;;3.15;;-3460;-4203;1.13;2.38E+09;0.00205081;0.098;;;-18;34;6;;;0.00205852;26.59;
D-18O-trans042;PSO-#D@42;tr;BH-01570;12.02.2021;;;3.22;;-3478;-4173;1.13;2.41E+09;0.00205136;0.105;;;-18;34;3;;;0.00205907;26.87;
D-18O-trans043;PSO-#D@43;tr;BH-01570;12.02.2021;;;3.28;;-3496;-4143;1.13;2.38E+09;0.00205135;0.132;;;-18;34;5;;;0.00205906;26.86;
D-18O-trans044;PSO-#D@44;tr;BH-01570;12.02.2021;;;3.35;;-3514;-4113;1.12;2.39E+09;0.00204961;0.076;;;-18;33;3;;;0.00205732;25.99;
D-18O-trans045;PSO-#D@45;tr;BH-01570;12.02.2021;;;3.4;;-3532;-4083;1.12;2.37E+09;0.00204927;0.093;;;-19;34;6;;;0.00205697;25.82;
D-18O-trans046;PSO-#D@46;tr;BH-01570;12.02.2021;;;3.53;;-3550;-4053;1.13;2.41E+09;0.00204964;0.109;;;-19;32;5;;;0.00205734;26;
D-18O-trans047;PSO-#D@47;tr;BH-01570;12.02.2021;;;3.6;;-3568;-4023;1.11;2.37E+09;0.00204848;0.109;;;-18;33;3;;;0.00205618;25.43;
D-18O-trans048;PSO-#D@48;tr;BH-01570;12.02.2021;;;3.67;;-3586;-3993;1.11;2.34E+09;0.00204884;0.109;;;-18;32;2;;;0.00205654;25.61;
D-18O-trans049;PSO-#D@49;tr;BH-01570;12.02.2021;;;3.73;;-3604;-3963;1.12;2.37E+09;0.00204933;0.106;;;-19;33;5;;;0.00205704;25.85;
D-18O-trans050;PSO-#D@50;tr;BH-01570;12.02.2021;;;3.8;;-3622;-3933;1.12;2.38E+09;0.00204904;0.099;;;-19;32;3;;;0.00205674;25.7;
D-18O-trans051;PSO-#D@51;tr;BH-01570;12.02.2021;;;3.87;;-3640;-3903;1.11;2.36E+09;0.00204839;0.096;;;-19;32;6;;;0.00205609;25.38;
D-18O-trans052;PSO-#D@52;tr;core;12.02.2021;;;3.93;;-3658;-3873;1.12;2.40E+09;0.00204812;0.096;;;-19;32;3;;;0.00205582;25.25;
E-18O-Pt002;PSO-#E@02;Pt;BH-01570;12.02.2021;;;8.18;;-4599;-1963;0.98;2.13E+09;0.00205204;0.077;;;-23;24;10;;;0.00205975;27.21;Roasted
E-18O-Pt003;PSO-#E@03;Pt;BH-01570;12.02.2021;;;8.23;;-4420;-1914;0.97;2.15E+09;0.00205138;0.109;;;-19;22;7;;;0.0020591;26.88;Roasted
E-18O-Pt004;PSO-#E@04;Pt;BH-01570;12.02.2021;;;8.3;;-4423;-1855;0.97;2.15E+09;0.00205179;0.129;;;-20;22;10;;;0.0020595;27.08;Roasted
E-18O-Pt005;PSO-#E@05;Pt;BH-01570;12.02.2021;;;8.37;;-4311;-1840;0.98;2.12E+09;0.00205381;0.139;;;-17;20;8;;;0.00206153;28.09;Roasted
E-18O-Pt006;PSO-#E@06;Pt;BH-01570;12.02.2021;;;8.43;;-4343;-1777;0.98;2.18E+09;0.00205261;0.102;;;-19;20;5;;;0.00206033;27.49;Roasted
E-18O-Pt007;PSO-#E@07;Pt;BH-01570;12.02.2021;;;8.5;;-4192;-1758;0.97;2.14E+09;0.00205187;0.085;;;-16;20;7;;;0.00205958;27.12;Roasted
E-18O-Pt008;PSO-#E@08;Pt;BH-01570;12.02.2021;;;8.57;;-4199;-1680;0.96;2.14E+09;0.00205105;0.11;;;-17;19;6;;;0.00205876;26.71;Roasted
E-18O-Pt009;PSO-#E@09;Pt;BH-01570;12.02.2021;;;8.62;;-4059;-1626;0.96;2.12E+09;0.00205209;0.101;;;-14;18;6;;;0.00205981;27.23;Roasted
E-18O-Pt01;PSO-#E@01;Pt;BH-01570;12.02.2021;;;8.12;;-4601;-2046;0.99;2.17E+09;0.00205556;0.093;;;-23;25;9;;;0.00206329;28.97;Roasted
E-18O-Pt010;PSO-#E@10;Pt;BH-01570;12.02.2021;;;8.68;;-4077;-1540;0.96;2.14E+09;0.00205075;0.097;;;-15;17;5;;;0.00205846;26.56;Roasted
E-18O-Pt011;PSO-#E@11;Pt;BH-01570;12.02.2021;;;8.75;;-3899;-1522;0.96;2.12E+09;0.00205245;0.119;;;-12;17;7;;;0.00206017;27.41;Roasted
E-18O-Pt012;PSO-#E@12;Pt;BH-01570;12.02.2021;;;8.82;;-3914;-1454;0.96;2.13E+09;0.00205053;0.086;;;-13;16;6;;;0.00205824;26.45;Roasted
E-18O-Pt013;PSO-#E@13;Pt;BH-01570;12.02.2021;;;9.02;;-3592;-1400;0.95;2.09E+09;0.00205105;0.098;;;-8;16;7;;;0.00205876;26.71;Roasted
E-18O-Pt014;PSO-#E@14;Pt;BH-01570;12.02.2021;;;9.08;;-3547;-1341;0.95;2.14E+09;0.00205199;0.112;;;-8;16;7;;;0.0020597;27.18;Roasted
E-18O-Trans002;PSO-#E@02;Tr;BH-01570;12.02.2021;;;5.08;;-4864;-2302;1.07;2.23E+09;0.00205404;0.093;;;-29;28;11;;;0.00206176;28.21;Roasted
E-18O-Trans003;PSO-#E@03;Tr;BH-01570;12.02.2021;;;5.15;;-4822;-2277;1.07;2.29E+09;0.00205238;0.107;;;-28;27;8;;;0.0020601;27.38;Roasted
E-18O-Trans004;PSO-#E@04;Tr;BH-01570;12.02.2021;;;5.22;;-4780;-2252;1.07;2.25E+09;0.00205286;0.105;;;-27;27;7;;;0.00206058;27.62;Roasted
E-18O-Trans005;PSO-#E@05;Tr;BH-01570;12.02.2021;;;5.28;;-4738;-2227;1.07;2.27E+09;0.00204931;0.1;;;-27;25;10;;;0.00205702;25.84;Roasted
E-18O-Trans006;PSO-#E@06;Tr;BH-01570;12.02.2021;;;5.35;;-4696;-2202;1.07;2.22E+09;0.0020535;0.102;;;-26;25;7;;;0.00206122;27.94;Roasted
E-18O-Trans007;PSO-#E@07;Tr;BH-01570;12.02.2021;;;5.4;;-4654;-2177;1.06;2.13E+09;0.00204753;0.11;;;-26;25;-5;;;0.00205522;24.95;Roasted
E-18O-Trans008;PSO-#E@08;Tr;BH-01570;12.02.2021;;;5.47;;-4612;-2152;1.06;2.29E+09;0.00205345;0.095;;;-24;25;5;;;0.00206116;27.91;Roasted
E-18O-Trans009;PSO-#E@09;Tr;BH-01570;12.02.2021;;;5.53;;-4570;-2127;1.06;2.28E+09;0.00205125;0.076;;;-24;23;5;;;0.00205896;26.81;Roasted
E-18O-Trans01;PSO-#E@01;Tr;margin;12.02.2021;;;5.02;;-4906;-2327;1.07;6.59E+07;0.00194466;2.217;;;-29;26;16;;;0.00195197;;low count rate, discard
E-18O-Trans010;PSO-#E@10;Tr;BH-01570;12.02.2021;;;5.6;;-4527;-2102;1.05;2.21E+09;0.00205492;0.096;;;-23;23;5;;;0.00206264;28.65;Roasted
E-18O-Trans011;PSO-#E@11;Tr;BH-01570;12.02.2021;;;5.67;;-4484;-2076;1.04;2.18E+09;0.0020511;0.101;;;-22;23;5;;;0.00205881;26.74;Roasted
E-18O-Trans012;PSO-#E@12;Tr;BH-01570;12.02.2021;;;5.8;;-4441;-2050;1.04;2.20E+09;0.00205337;0.084;;;-21;23;6;;;0.00206109;27.87;Roasted
E-18O-Trans013;PSO-#E@13;Tr;BH-01570;12.02.2021;;;5.87;;-4398;-2024;1.03;2.22E+09;0.00205294;0.096;;;-21;21;7;;;0.00206066;27.66;Roasted
E-18O-Trans014;PSO-#E@14;Tr;BH-01570;12.02.2021;;;5.92;;-4355;-1998;1.03;2.17E+09;0.00204683;0.114;;;-21;25;-4;;;0.00205452;24.6;Roasted
E-18O-Trans015;PSO-#E@15;Tr;BH-01570;12.02.2021;;;5.98;;-4312;-1972;1.03;2.21E+09;0.00205458;0.095;;;-20;21;6;;;0.0020623;28.48;Roasted
E-18O-Trans016;PSO-#E@16;Tr;BH-01570;12.02.2021;;;6.05;;-4269;-1946;1.03;2.21E+09;0.00205008;0.065;;;-19;21;6;;;0.00205778;26.22;Roasted
E-18O-Trans017;PSO-#E@17;Tr;BH-01570;12.02.2021;;;6.12;;-4226;-1920;1.03;2.26E+09;0.00205405;0.079;;;-18;20;5;;;0.00206178;28.21;Roasted
E-18O-Trans018;PSO-#E@18;Tr;BH-01570;12.02.2021;;;6.18;;-4183;-1894;1.03;2.20E+09;0.00205133;0.12;;;-18;20;5;;;0.00205904;26.85;Roasted
E-18O-Trans019;PSO-#E@19;Tr;BH-01570;12.02.2021;;;6.25;;-4140;-1868;1.02;2.24E+09;0.00205372;0.091;;;-17;20;5;;;0.00206144;28.05;Roasted
E-18O-Trans020;PSO-#E@20;Tr;BH-01570;12.02.2021;;;6.32;;-4097;-1842;1.02;2.26E+09;0.00204966;0.081;;;-16;20;5;;;0.00205737;26.02;Roasted
E-18O-Trans021;PSO-#E@21;Tr;BH-01570;12.02.2021;;;6.37;;-4054;-1816;1.03;2.27E+09;0.00204898;0.115;;;-16;19;4;;;0.00205668;25.67;Roasted
E-18O-Trans022;PSO-#E@22;Tr;BH-01570;12.02.2021;;;6.43;;-4011;-1790;1.03;2.20E+09;0.00205372;0.093;;;-15;18;6;;;0.00206144;28.05;Roasted
E-18O-Trans023;PSO-#E@23;Tr;BH-01570;12.02.2021;;;6.5;;-3968;-1764;1.03;2.16E+09;0.00205133;0.1;;;-15;19;5;;;0.00205904;26.85;Roasted
E-18O-Trans024;PSO-#E@24;Tr;BH-01570;12.02.2021;;;6.57;;-3925;-1738;1.03;2.23E+09;0.00204929;0.101;;;-14;19;5;;;0.002057;25.83;Roasted
E-18O-Trans025;PSO-#E@25;Tr;BH-01570;12.02.2021;;;6.63;;-3882;-1712;1.02;2.18E+09;0.00205083;0.114;;;-14;17;5;;;0.00205854;26.6;Roasted
E-18O-Trans026;PSO-#E@26;Tr;BH-01570;12.02.2021;;;6.7;;-3839;-1686;1.03;2.21E+09;0.0020537;0.107;;;-13;17;5;;;0.00206142;28.04;Roasted
E-18O-Trans027;PSO-#E@27;Tr;BH-01570;12.02.2021;;;6.88;;-3796;-1660;1.01;2.22E+09;0.00205115;0.148;;;-12;17;4;;;0.00205886;26.76;Roasted
E-18O-Trans028;PSO-#E@28;Tr;BH-01570;12.02.2021;;;6.95;;-3753;-1634;1.01;2.16E+09;0.00205039;0.079;;;-12;17;6;;;0.00205809;26.38;Roasted
E-18O-Trans029;PSO-#E@29;Tr;BH-01570;12.02.2021;;;7.02;;-3710;-1608;1.01;2.19E+09;0.00205203;0.104;;;-11;16;4;;;0.00205974;27.2;Roasted
E-18O-Trans030;PSO-#E@30;Tr;BH-01570;12.02.2021;;;7.08;;-3682;-1590;1.01;2.21E+09;0.00205248;0.1;;;-11;16;8;;;0.00206019;27.42;Roasted
E-18O-Trans031;PSO-#E@31;Tr;BH-01570;12.02.2021;;;7.15;;-3654;-1572;1.01;2.21E+09;0.00205504;0.107;;;-11;16;6;;;0.00206277;28.71;Roasted
E-18O-Trans032;PSO-#E@32;Tr;BH-01570;12.02.2021;;;7.22;;-3626;-1554;1.02;2.18E+09;0.00205407;0.094;;;-11;15;6;;;0.00206179;28.22;Roasted
E-18O-Trans033;PSO-#E@33;Tr;BH-01570;12.02.2021;;;7.27;;-3598;-1536;1.01;2.18E+09;0.00205212;0.076;;;-10;15;5;;;0.00205984;27.25;Roasted
E-18O-Trans034;PSO-#E@34;Tr;BH-01570;12.02.2021;;;7.33;;-3570;-1518;1;2.17E+09;0.00205182;0.095;;;-10;15;6;;;0.00205953;27.09;Roasted
E-18O-Trans035;PSO-#E@35;Tr;BH-01570;12.02.2021;;;7.4;;-3542;-1500;1;2.20E+09;0.00205013;0.108;;;-10;15;5;;;0.00205784;26.25;Roasted
E-18O-Trans036;PSO-#E@36;Tr;BH-01570;12.02.2021;;;7.47;;-3514;-1482;1;2.16E+09;0.00205114;0.107;;;-10;15;5;;;0.00205885;26.75;Roasted
E-18O-Trans037;PSO-#E@37;Tr;BH-01570;12.02.2021;;;7.53;;-3485;-1463;0.99;2.11E+09;0.00204882;0.094;;;-9;15;7;;;0.00205652;25.6;Roasted
E-18O-Trans038;PSO-#E@38;Tr;BH-01570;12.02.2021;;;7.6;;-3456;-1444;0.99;2.18E+09;0.00204875;0.107;;;-8;15;4;;;0.00205645;25.56;Roasted
E-18O-Trans039;PSO-#E@39;Tr;BH-01570;12.02.2021;;;7.67;;-3427;-1425;0.99;2.19E+09;0.00205174;0.091;;;-8;14;5;;;0.00205946;27.06;Roasted
E-18O-Trans040;PSO-#E@40;Tr;BH-01570;12.02.2021;;;7.72;;-3398;-1406;0.99;2.20E+09;0.00205058;0.125;;;-8;14;5;;;0.00205829;26.48;Roasted
E-18O-Trans041;PSO-#E@41;Tr;BH-01570;12.02.2021;;;7.78;;-3369;-1387;0.99;2.20E+09;0.00205097;0.1;;;-8;15;6;;;0.00205868;26.67;Roasted
E-18O-Trans042;PSO-#E@42;Tr;BH-01570;12.02.2021;;;7.92;;-3340;-1368;1;2.20E+09;0.00205121;0.118;;;-7;14;3;;;0.00205892;26.79;Roasted
E-18O-Trans043;PSO-#E@43;Tr;BH-01570;12.02.2021;;;7.98;;-3311;-1349;1;1.21E+09;0.0020402;0.15;;;-8;13;7;;;0.00204787;21.28;Roasted
E-18O-Trans044;PSO-#E@44;Tr;core;12.02.2021;;;8.05;;-3282;-1330;1;2.20E+09;0.00204975;0.101;;;-7;14;5;;;0.00205746;26.06;Roasted
J-18O-Pt01;PSO-#J@01;Pt;BH-00385;12.02.2021;;;11.4;;-4077;2153;0.86;2.07E+09;0.00204318;0.088;;;-19;4;10;;;0.00205086;22.77;
J-18O-Pt02;PSO-#J@02;Pt;BH-00385;12.02.2021;;;11.47;;-3995;2176;0.9;2.08E+09;0.00204431;0.087;;;-18;2;8;;;0.002052;23.34;
J-18O-Pt03;PSO-#J@03;Pt;BH-00385;12.02.2021;;;11.52;;-4019;2357;0.91;2.06E+09;0.00204401;0.113;;;-19;3;10;;;0.0020517;23.19;
J-18O-Pt04;PSO-#J@04;Pt;BH-00385;12.02.2021;;;11.58;;-3958;2370;0.92;2.09E+09;0.00204296;0.101;;;-18;2;9;;;0.00205064;22.66;
J-18O-Pt05;PSO-#J@05;Pt;BH-00385;12.02.2021;;;11.65;;-3933;2645;0.91;2.09E+09;0.00204409;0.102;;;-19;1;10;;;0.00205177;23.22;
J-18O-trans002;PSO-#J@02;tr;BH-00385;12.02.2021;;;9.2;;-3843;2109;0.94;2.10E+09;0.00204513;0.091;;;-17;3;8;;;0.00205282;23.75;
J-18O-trans003;PSO-#J@03;tr;BH-00385;12.02.2021;;;9.27;;-3834;2158;0.94;2.12E+09;0.00204455;0.097;;;-17;3;8;;;0.00205223;23.46;
J-18O-trans004;PSO-#J@04;tr;BH-00385;12.02.2021;;;9.33;;-3825;2207;0.94;2.13E+09;0.00204279;0.078;;;-17;4;6;;;0.00205047;22.58;
J-18O-trans005;PSO-#J@05;tr;BH-00385;12.02.2021;;;9.4;;-3816;2256;0.94;2.13E+09;0.00204381;0.103;;;-17;3;7;;;0.0020515;23.09;
J-18O-trans006;PSO-#J@06;tr;BH-00385;12.02.2021;;;9.47;;-3807;2305;0.94;2.10E+09;0.0020446;0.092;;;-17;2;9;;;0.00205229;23.48;
J-18O-trans007;PSO-#J@07;tr;BH-00385;12.02.2021;;;9.53;;-3797;2355;0.94;2.13E+09;0.00204299;0.084;;;-17;3;7;;;0.00205067;22.67;
J-18O-trans008;PSO-#J@08;tr;BH-00385;12.02.2021;;;9.58;;-3787;2404;0.94;2.10E+09;0.00204237;0.145;;;-17;2;7;;;0.00205005;22.36;
J-18O-trans009;PSO-#J@09;tr;BH-00385;12.02.2021;;;9.65;;-3787;2404;0.94;2.30E+09;0.00203875;0.098;;;-16;1;3;;;0.00204641;20.55;
J-18O-trans01;PSO-#J@01;tr;margin;12.02.2021;;;9.15;;-3852;2060;0.94;2.12E+09;0.00204464;0.12;;;-17;3;7;;;0.00205233;23.5;
J-18O-trans010;PSO-#J@10;tr;BH-00385;12.02.2021;;;9.72;;-3779;2438;0.94;2.09E+09;0.00204342;0.108;;;-17;1;9;;;0.0020511;22.89;
J-18O-trans011;PSO-#J@11;tr;BH-00385;12.02.2021;;;9.78;;-3771;2472;0.94;2.11E+09;0.00204709;0.088;;;-18;1;8;;;0.00205478;24.73;
J-18O-trans012;PSO-#J@12;tr;BH-00385;12.02.2021;;;9.85;;-3763;2506;0.94;2.09E+09;0.0020433;0.092;;;-18;0;8;;;0.00205098;22.83;
J-18O-trans013;PSO-#J@13;tr;BH-00385;12.02.2021;;;9.92;;-3755;2540;0.93;1.80E+09;0.00204335;0.088;;;-18;-1;-7;;;0.00205104;22.86;
J-18O-trans014;PSO-#J@14;tr;BH-00385;12.02.2021;;;10.05;;-3746;2574;0.94;1.08E+09;0.0020167;0.146;;;-39;22;-51;;;0.00202428;;centering problem, discard
J-18O-trans015;PSO-#J@15;tr;BH-00385;12.02.2021;;;10.1;;-3737;2609;0.94;2.08E+09;0.00204444;0.078;;;-18;1;6;;;0.00205212;23.4;
J-18O-trans016;PSO-#J@16;tr;BH-00385;12.02.2021;;;10.17;;-3728;2643;0.93;2.12E+09;0.00204745;0.104;;;-18;3;8;;;0.00205515;24.91;
J-18O-trans017;PSO-#J@17;tr;BH-00385;12.02.2021;;;10.23;;-3719;2677;0.93;2.08E+09;0.00204434;0.1;;;-18;0;10;;;0.00205203;23.35;
J-18O-trans018;PSO-#J@18;tr;BH-00385;12.02.2021;;;10.3;;-3710;2711;0.93;2.09E+09;0.00204266;0.143;;;-18;-1;7;;;0.00205034;22.51;
J-18O-trans019;PSO-#J@19;tr;BH-00385;12.02.2021;;;10.37;;-3701;2746;0.92;2.07E+09;0.00204144;0.07;;;-17;0;9;;;0.00204911;21.9;
J-18O-trans020;PSO-#J@20;tr;BH-00385;12.02.2021;;;10.43;;-3692;2780;0.92;2.07E+09;0.00204247;0.063;;;-18;0;8;;;0.00205015;22.42;
J-18O-trans021;PSO-#J@21;tr;BH-00385;12.02.2021;;;10.48;;-3683;2814;0.91;2.06E+09;0.00204059;0.094;;;-18;-1;9;;;0.00204826;21.47;
J-18O-trans022;PSO-#J@22;tr;BH-00385;12.02.2021;;;10.55;;-3674;2848;0.89;2.07E+09;0.00204469;0.08;;;-18;-1;8;;;0.00205238;23.53;
J-18O-trans023;PSO-#J@23;tr;BH-00385;12.02.2021;;;10.62;;-3665;2883;0.89;2.07E+09;0.00204761;0.112;;;-18;-1;7;;;0.0020553;24.99;
J-18O-trans024;PSO-#J@24;tr;BH-00385;12.02.2021;;;10.68;;-3656;2917;0.89;2.04E+09;0.00204498;0.086;;;-18;-2;10;;;0.00205267;23.67;
J-18O-trans025;PSO-#J@25;tr;BH-00385;12.02.2021;;;10.75;;-3647;2951;0.91;2.08E+09;0.00204361;0.137;;;-18;-2;7;;;0.00205129;22.98;
J-18O-trans026;PSO-#J@26;tr;BH-00385;12.02.2021;;;10.82;;-3638;2986;0.91;2.01E+09;0.0020435;0.082;;;-18;-2;8;;;0.00205119;22.93;
J-18O-trans027;PSO-#J@27;tr;BH-00385;12.02.2021;;;10.88;;-3629;3020;0.91;2.09E+09;0.00204333;0.107;;;-18;-1;8;;;0.00205101;22.85;
J-18O-trans028;PSO-#J@28;tr;BH-00385;12.02.2021;;;10.93;;-3620;3054;0.91;2.06E+09;0.0020424;0.102;;;-18;-2;10;;;0.00205008;22.38;
J-18O-trans029;PSO-#J@29;tr;BH-00385;12.02.2021;;;11.13;;-3611;3088;0.91;1.95E+09;0.0020399;0.127;;;-18;-2;7;;;0.00204757;21.13;
J-18O-trans030;PSO-#J@30;tr;BH-00385;12.02.2021;;;11.2;;-3602;3122;0.89;2.07E+09;0.00204115;0.105;;;-18;-2;9;;;0.00204882;21.75;
J-18O-trans031;PSO-#J@31;tr;BH-00385;12.02.2021;;;11.27;;-3593;3157;0.91;2.06E+09;0.00204115;0.089;;;-18;-2;10;;;0.00204882;21.75;
J-18O-trans032;PSO-#J@32;tr;core;12.02.2021;;;11.33;;-3584;3191;0.89;2.06E+09;0.00203983;0.109;;;-19;-2;7;;;0.0020475;21.09;
K-18O-Pt01;PSO-#K@01;Pt;BH-00385;13.02.2021;;;14.03;;779;3968;0.86;1.99E+09;0.00205083;0.101;;;6;-2;7;;;0.00205854;26.6;Roasted
K-18O-Pt02;PSO-#K@02;Pt;BH-00385;13.02.2021;;;14.1;;718;3958;0.88;2.03E+09;0.00204419;0.104;;;6;-2;9;;;0.00205188;23.28;Roasted
K-18O-Pt03;PSO-#K@03;Pt;BH-00385;13.02.2021;;;14.17;;730;3811;0.88;2.05E+09;0.00204796;0.095;;;6;-1;6;;;0.00205566;25.16;Roasted
K-18O-Pt04;PSO-#K@04;Pt;BH-00385;13.02.2021;;;14.28;;651;3798;0.86;2.02E+09;0.00204348;0.073;;;5;-1;8;;;0.00205116;22.92;Roasted
K-18O-Pt05;PSO-#K@05;Pt;BH-00385;13.02.2021;;;14.35;;673;3630;0.88;2.00E+09;0.00204527;0.092;;;5;0;7;;;0.00205296;23.82;Roasted
K-18O-Pt06;PSO-#K@06;Pt;BH-00385;13.02.2021;;;14.42;;605;3620;0.87;2.01E+09;0.0020437;0.103;;;5;0;8;;;0.00205138;23.03;Roasted
K-18O-Trans002;PSO-#K@02;Tr;BH-00385;12.02.2021;;;11.78;;926;4135;0.92;2.00E+09;0.00204436;0.093;;;6;-5;4;;;0.00205204;23.36;Roasted
K-18O-Trans003;PSO-#K@03;Tr;BH-00385;12.02.2021;;;11.85;;910;4088;0.92;2.06E+09;0.00204595;0.085;;;6;-5;5;;;0.00205364;24.16;Roasted
K-18O-Trans004;PSO-#K@04;Tr;BH-00385;12.02.2021;;;11.92;;895;4042;0.92;2.01E+09;0.00204568;0.074;;;6;-4;6;;;0.00205337;24.02;Roasted
K-18O-Trans005;PSO-#K@05;Tr;BH-00385;12.02.2021;;;11.97;;880;3995;0.93;2.08E+09;0.00204492;0.081;;;6;-3;5;;;0.00205261;23.64;Roasted
K-18O-Trans006;PSO-#K@06;Tr;BH-00385;12.02.2021;;;12.03;;865;3949;0.92;2.00E+09;0.00204747;0.12;;;6;-4;6;;;0.00205516;24.92;Roasted
K-18O-Trans007;PSO-#K@07;Tr;BH-00385;12.02.2021;;;12.17;;850;3903;0.91;2.02E+09;0.00204538;0.103;;;6;-3;5;;;0.00205307;23.87;Roasted
K-18O-Trans008;PSO-#K@08;Tr;BH-00385;12.02.2021;;;12.23;;835;3857;0.89;2.02E+09;0.00204373;0.137;;;6;-2;7;;;0.00205141;23.04;Roasted
K-18O-Trans009;PSO-#K@09;Tr;BH-00385;12.02.2021;;;12.3;;819;3810;0.87;2.02E+09;0.00204918;0.078;;;6;-1;7;;;0.00205688;25.78;Roasted
K-18O-Trans010;PSO-#K@10;Tr;margin;12.02.2021;;;11.72;;942;4182;0.92;2.06E+09;0.00204733;0.104;;;6;-5;5;;;0.00205502;24.85;Roasted
K-18O-Trans011;PSO-#K@11;Tr;BH-00385;12.02.2021;;;12.37;;805;3764;0.86;2.02E+09;0.00204782;0.11;;;6;-2;6;;;0.00205552;25.1;Roasted
K-18O-Trans012;PSO-#K@12;Tr;BH-00385;12.02.2021;;;12.43;;789;3718;0.87;2.03E+09;0.00204329;0.078;;;6;-1;7;;;0.00205097;22.82;Roasted
K-18O-Trans013;PSO-#K@13;Tr;BH-00385;12.02.2021;;;12.48;;775;3671;0.87;1.97E+09;0.00204449;0.098;;;6;0;6;;;0.00205217;23.43;Roasted
K-18O-Trans014;PSO-#K@14;Tr;BH-00385;13.02.2021;;;12.55;;759;3626;0.88;2.03E+09;0.00204921;0.16;;;6;0;8;;;0.00205692;25.79;Roasted
K-18O-Trans015;PSO-#K@15;Tr;BH-00385;13.02.2021;;;12.62;;748;3592;0.88;2.02E+09;0.00204568;0.084;;;6;0;6;;;0.00205337;24.02;Roasted
K-18O-Trans016;PSO-#K@16;Tr;BH-00385;13.02.2021;;;12.68;;737;3559;0.87;2.01E+09;0.00204667;0.103;;;6;0;4;;;0.00205436;24.52;Roasted
K-18O-Trans017;PSO-#K@17;Tr;BH-00385;13.02.2021;;;12.75;;727;3527;0.88;2.03E+09;0.0020438;0.088;;;6;1;5;;;0.00205149;23.08;Roasted
K-18O-Trans018;PSO-#K@18;Tr;BH-00385;13.02.2021;;;12.82;;716;3495;0.89;2.00E+09;0.00204462;0.079;;;6;1;4;;;0.0020523;23.49;Roasted
K-18O-Trans019;PSO-#K@19;Tr;BH-00385;13.02.2021;;;12.88;;706;3462;0.88;1.98E+09;0.00204348;0.093;;;6;1;6;;;0.00205116;22.92;Roasted
K-18O-Trans020;PSO-#K@20;Tr;BH-00385;13.02.2021;;;12.93;;695;3430;0.88;1.97E+09;0.00204401;0.099;;;6;2;6;;;0.00205169;23.19;Roasted
K-18O-Trans021;PSO-#K@21;Tr;BH-00385;13.02.2021;;;13;;685;3398;0.87;2.00E+09;0.00204667;0.092;;;6;1;5;;;0.00205437;24.52;Roasted
K-18O-Trans022;PSO-#K@22;Tr;BH-00385;13.02.2021;;;13.07;;674;3365;0.86;2.02E+09;0.00204946;0.073;;;5;2;7;;;0.00205716;25.91;Roasted
K-18O-Trans023;PSO-#K@23;Tr;BH-00385;13.02.2021;;;13.27;;664;3333;0.85;1.90E+09;0.00204483;0.091;;;6;3;6;;;0.00205251;23.59;Roasted
K-18O-Trans024;PSO-#K@24;Tr;BH-00385;13.02.2021;;;13.33;;653;3301;0.85;1.94E+09;0.00204364;0.099;;;6;2;4;;;0.00205132;23;Roasted
K-18O-Trans025;PSO-#K@25;Tr;BH-00385;13.02.2021;;;13.38;;643;3269;0.85;1.92E+09;0.00204528;0.14;;;6;2;6;;;0.00205297;23.82;Roasted
K-18O-Trans026;PSO-#K@26;Tr;BH-00385;13.02.2021;;;13.45;;633;3236;0.86;1.95E+09;0.00204374;0.111;;;5;3;4;;;0.00205143;23.05;Roasted
K-18O-Trans027;PSO-#K@27;Tr;BH-00385;13.02.2021;;;13.52;;622;3204;0.86;1.91E+09;0.00204382;0.111;;;6;2;5;;;0.00205151;23.09;Roasted
K-18O-Trans028;PSO-#K@28;Tr;BH-00385;13.02.2021;;;13.58;;612;3172;0.85;1.97E+09;0.00204687;0.088;;;5;3;6;;;0.00205456;24.62;Roasted
K-18O-Trans029;PSO-#K@29;Tr;BH-00385;13.02.2021;;;13.65;;601;3139;0.84;1.88E+09;0.0020401;0.131;;;5;3;4;;;0.00204777;21.23;Roasted
K-18O-Trans030;PSO-#K@30;Tr;BH-00385;13.02.2021;;;13.72;;591;3107;0.83;2.00E+09;0.00204315;0.114;;;5;4;4;;;0.00205084;22.76;Roasted
K-18O-Trans031;PSO-#K@31;Tr;BH-00385;13.02.2021;;;13.77;;580;3075;0.84;2.01E+09;0.00204216;0.11;;;5;4;5;;;0.00204983;22.26;Roasted
K-18O-Trans032;PSO-#K@32;Tr;BH-00385;13.02.2021;;;13.83;;570;3043;0.85;1.98E+09;0.00203932;0.094;;;5;3;5;;;0.00204699;20.84;Roasted
K-18O-Trans033;PSO-#K@33;Tr;BH-00385;13.02.2021;;;13.9;;559;3010;0.85;2.01E+09;0.00204255;0.089;;;5;4;7;;;0.00205022;22.45;Roasted
K-18O-Trans034;PSO-#K@34;Tr;core;13.02.2021;;;13.97;;550;2979;0.85;2.02E+09;0.00204224;0.109;;;5;3;5;;;0.00204992;22.3;Roasted
F-18O-Pt002;PSO-#F@02;Pt;BH-01741;12.02.2021;;04:00:00;;;-100;-2965;1.1;2.34E+09;0.00205262;0.12;;;11;16;4;;;0.0020603;27.48;
F-18O-Pt003;PSO-#F@03;Pt;BH-01741;12.02.2021;;04:04:00;;;40;-2975;1.11;2.34E+09;0.00205409;0.11;;;12;14;4;;;0.00206177;28.21;
F-18O-Pt004;PSO-#F@04;Pt;BH-01741;12.02.2021;;04:08:00;;;27;-3037;1.11;2.33E+09;0.00205395;0.13;;;12;15;2;;;0.00206163;28.14;
F-18O-Pt005;PSO-#F@05;Pt;BH-01741;12.02.2021;;04:12:00;;;138;-3059;1.12;2.35E+09;0.00205804;0.11;;;13;14;4;;;0.00206574;30.19;
F-18O-Pt006;PSO-#F@06;Pt;BH-01741;12.02.2021;;04:16:00;;;124;-3150;1.09;2.33E+09;0.00205215;0.09;;;13;17;5;;;0.00205982;27.24;
F-18O-Pt007;PSO-#F@07;Pt;BH-01741;12.02.2021;;04:19:00;;;240;-3172;1.1;2.31E+09;0.00205164;0.12;;;14;15;4;;;0.00205932;26.99;
F-18O-Pt008;PSO-#F@08;Pt;BH-01741;12.02.2021;;04:23:00;;;214;-3222;1.08;2.34E+09;0.00205223;0.07;;;14;16;4;;;0.00205991;27.28;
F-18O-Pt009;PSO-#F@09;Pt;BH-01741;12.02.2021;;04:27:00;;;399;-3266;1.1;2.31E+09;0.00204917;0.1;;;14;16;4;;;0.00205683;25.75;
F-18O-Pt01;PSO-#F@01;Pt;BH-01741;12.02.2021;;03:56:00;;;-87;-2903;1.11;2.34E+09;0.00205966;0.09;;;11;14;7;;;0.00206737;31;
F-18O-Pt010;PSO-#F@10;Pt;BH-01741;12.02.2021;;04:31:00;;;386;-3336;1.1;2.36E+09;0.0020503;0.13;;;15;17;4;;;0.00205797;26.32;
F-18O-Pt011;PSO-#F@11;Pt;BH-01741;12.02.2021;;04:35:00;;;547;-3359;1.11;2.34E+09;0.0020497;0.12;;;16;16;4;;;0.00205737;26.02;
F-18O-Pt012;PSO-#F@12;Pt;BH-01741;12.02.2021;;04:39:00;;;537;-3433;1.1;2.35E+09;0.00204888;0.11;;;16;17;2;;;0.00205655;25.61;
F-O18-trans002;PSO-#F@02;tr;BH-01741;12.02.2021;;01:14:00;;;-96;-2779;1.11;2.37E+09;0.00205526;0.1;;;10;13;5;;;0.00206295;28.8;
F-O18-trans003;PSO-#F@03;tr;BH-01741;12.02.2021;;01:17:00;;;-57;-2809;1.11;2.39E+09;0.00205516;0.11;;;11;14;2;;;0.00206285;28.75;
F-O18-trans004;PSO-#F@04;tr;BH-01741;12.02.2021;;01:21:00;;;-18;-2839;1.12;2.39E+09;0.00205907;0.1;;;11;14;3;;;0.00206677;30.71;
F-O18-trans005;PSO-#F@05;tr;BH-01741;12.02.2021;;01:25:00;;;21;-2869;1.12;2.41E+09;0.00205347;0.1;;;11;13;1;;;0.00206115;27.9;
F-O18-trans006;PSO-#F@06;tr;BH-01741;12.02.2021;;01:29:00;;;60;-2899;1.11;2.37E+09;0.00205288;0.1;;;12;13;4;;;0.00206057;27.61;
F-O18-trans007;PSO-#F@07;tr;BH-01741;12.02.2021;;01:33:00;;;99;-2929;1.11;2.39E+09;0.00205323;0.08;;;11;14;2;;;0.00206091;27.78;
F-O18-trans008;PSO-#F@08;tr;BH-01741;12.02.2021;;01:41:00;;;138;-2959;1.11;1.64E+09;0.00205196;0.11;;;12;10;7;;;0.00205963;;low count rate, discard
F-O18-trans009;PSO-#F@09;tr;BH-01741;12.02.2021;;01:45:00;;;177;-2989;1.12;2.38E+09;0.00205355;0.12;;;12;14;1;;;0.00206124;27.95;
F-O18-trans001;PSO-#F@01;tr;margin;12.02.2021;;01:10:00;;;-134;-2749;1.11;2.39E+09;0.00205498;0.1;;;10;12;4;;;0.00206267;28.66;
F-O18-trans010;PSO-#F@10;tr;BH-01741;12.02.2021;;01:49:00;;;216;-3019;1.12;2.39E+09;0.00205617;0.1;;;12;14;4;;;0.00206387;29.26;
F-O18-trans011;PSO-#F@11;tr;BH-01741;12.02.2021;;01:52:00;;;255;-3049;1.12;2.28E+09;0.00205285;0.12;;;13;14;4;;;0.00206053;27.6;
F-O18-trans012;PSO-#F@12;tr;BH-01741;12.02.2021;;01:56:00;;;294;-3079;1.12;2.41E+09;0.0020568;0.12;;;13;14;3;;;0.00206449;29.57;
F-O18-trans013;PSO-#F@13;tr;BH-01741;12.02.2021;;02:00:00;;;333;-3109;1.12;2.37E+09;0.00205445;0.07;;;13;14;3;;;0.00206214;28.39;
F-O18-trans014;PSO-#F@14;tr;BH-01741;12.02.2021;;02:04:00;;;372;-3138;1.12;2.38E+09;0.00205206;0.1;;;13;14;3;;;0.00205974;27.2;
F-O18-trans015;PSO-#F@15;tr;BH-01741;12.02.2021;;02:08:00;;;411;-3167;1.12;2.40E+09;0.002054;0.07;;;14;15;3;;;0.00206169;28.17;
F-O18-trans016;PSO-#F@16;tr;BH-01741;12.02.2021;;02:12:00;;;450;-3196;1.12;2.44E+09;0.00205029;0.12;;;14;14;1;;;0.00205796;26.31;
F-O18-trans017;PSO-#F@17;tr;BH-01741;12.02.2021;;02:16:00;;;478;-3217;1.12;2.44E+09;0.00205012;0.08;;;14;14;2;;;0.0020578;26.23;
F-O18-trans018;PSO-#F@18;tr;BH-01741;12.02.2021;;02:19:00;;;506;-3238;1.12;2.41E+09;0.00205005;0.08;;;14;14;4;;;0.00205772;26.19;
F-O18-trans019;PSO-#F@19;tr;BH-01741;12.02.2021;;02:23:00;;;534;-3259;1.11;2.41E+09;0.00205255;0.11;;;14;14;4;;;0.00206023;27.44;
F-O18-trans020;PSO-#F@20;tr;BH-01741;12.02.2021;;02:27:00;;;562;-3280;1.1;2.39E+09;0.00205362;0.09;;;15;14;3;;;0.0020613;27.98;
F-O18-trans021;PSO-#F@21;tr;BH-01741;12.02.2021;;02:31:00;;;591;-3301;1.09;2.38E+09;0.00205088;0.09;;;15;15;3;;;0.00205855;26.61;
F-O18-trans022;PSO-#F@22;tr;BH-01741;12.02.2021;;02:35:00;;;619;-3322;1.09;2.36E+09;0.00204893;0.08;;;15;15;4;;;0.00205659;25.63;
F-O18-trans023;PSO-#F@23;tr;BH-01741;12.02.2021;;02:39:00;;;647;-3343;1.09;2.37E+09;0.00204854;0.12;;;15;15;6;;;0.00205621;25.44;
F-O18-trans024;PSO-#F@24;tr;BH-01741;12.02.2021;;02:51:00;;;676;-3364;1.08;2.39E+09;0.0020491;0.12;;;15;16;4;;;0.00205677;25.72;
F-O18-trans025;PSO-#F@25;tr;BH-01741;12.02.2021;;02:54:00;;;704;-3385;1.09;2.36E+09;0.00205415;0.1;;;15;16;3;;;0.00206184;28.25;
F-O18-trans026;PSO-#F@26;tr;BH-01741;12.02.2021;;02:58:00;;;732;-3406;1.08;2.38E+09;0.0020527;0.07;;;16;16;5;;;0.00206038;27.52;
F-O18-trans027;PSO-#F@27;tr;BH-01741;12.02.2021;;03:02:00;;;760;-3427;1.08;2.37E+09;0.00205084;0.08;;;16;16;4;;;0.00205851;26.59;
F-O18-trans028;PSO-#F@28;tr;BH-01741;12.02.2021;;03:06:00;;;789;-3448;1.08;2.36E+09;0.00204839;0.12;;;16;15;3;;;0.00205605;25.36;
F-O18-trans029;PSO-#F@29;tr;BH-01741;12.02.2021;;03:10:00;;;817;-3469;1.08;2.36E+09;0.00204956;0.07;;;16;15;2;;;0.00205723;25.95;
F-O18-trans030;PSO-#F@30;tr;BH-01741;12.02.2021;;03:14:00;;;845;-3489;1.08;2.38E+09;0.00204969;0.12;;;17;15;3;;;0.00205736;26.01;
F-O18-trans031;PSO-#F@31;tr;BH-01741;12.02.2021;;03:18:00;;;874;-3509;1.08;2.25E+09;0.00204801;0.12;;;17;15;2;;;0.00205567;25.17;
F-O18-trans032;PSO-#F@32;tr;BH-01741;12.02.2021;;03:21:00;;;902;-3529;1.09;2.30E+09;0.00204745;0.13;;;16;16;0;;;0.00205512;24.89;
F-O18-trans033;PSO-#F@33;tr;BH-01741;12.02.2021;;03:25:00;;;930;-3549;1.09;1.95E+09;0.00204254;0.1;;;14;24;7;;;0.00205019;;low count rate, discard
F-O18-trans034;PSO-#F@34;tr;BH-01741;12.02.2021;;03:29:00;;;958;-3569;1.09;2.21E+09;0.00204729;0.11;;;15;20;5;;;0.00205495;24.81;
F-O18-trans035;PSO-#F@35;tr;BH-01741;12.02.2021;;03:33:00;;;987;-3589;1.1;2.41E+09;0.0020497;0.09;;;17;18;2;;;0.00205737;26.02;
F-O18-trans036;PSO-#F@36;tr;BH-01741;12.02.2021;;03:37:00;;;1015;-3609;1.1;2.44E+09;0.00204935;0.11;;;17;17;2;;;0.00205701;25.84;
F-O18-trans037;PSO-#F@37;tr;BH-01741;12.02.2021;;03:41:00;;;1043;-3629;1.12;2.44E+09;0.00204975;0.08;;;17;17;2;;;0.00205742;26.04;
F-O18-trans038;PSO-#F@38;tr;BH-01741;12.02.2021;;03:45:00;;;1072;-3649;1.12;2.41E+09;0.00204898;0.1;;;18;17;2;;;0.00205665;25.66;
F-O18-trans039;PSO-#F@39;tr;core;12.02.2021;;03:48:00;;;1100;-3669;1.12;2.38E+09;0.002049;0.09;;;18;17;2;;;0.00205666;25.67;
G-O18-Pt01;PSO-#G@01;Pt;BH-01555;12.02.2021;;00:39:00;;;5212;-2317;1.11;2.39E+09;0.00205052;0.12;;;40;19;0;;;0.00205819;26.43;Roasted
G-O18-Pt02;PSO-#G@02;Pt;BH-01555;12.02.2021;;00:42:00;;;5158;-2384;1.12;2.39E+09;0.00204993;0.08;;;40;18;0;;;0.0020576;26.13;Roasted
G-O18-Pt03;PSO-#G@03;Pt;BH-01555;12.02.2021;;00:46:00;;;4931;-2195;1.1;2.37E+09;0.00204831;0.09;;;37;17;2;;;0.00205598;25.32;Roasted
G-O18-Pt04;PSO-#G@04;Pt;BH-01555;12.02.2021;;00:50:00;;;4900;-2267;1.11;2.35E+09;0.00204822;0.09;;;37;17;2;;;0.00205589;25.28;Roasted
G-O18-Pt05;PSO-#G@05;Pt;BH-01555;12.02.2021;;00:54:00;;;4740;-2125;1.1;2.37E+09;0.00204874;0.07;;;35;17;0;;;0.00205641;25.54;Roasted
G-O18-Pt06;PSO-#G@06;Pt;BH-01555;12.02.2021;;00:58:00;;;4697;-2196;1.1;2.37E+09;0.00204787;0.1;;;35;17;1;;;0.00205554;25.1;Roasted
G-O18-Pt07;PSO-#G@07;Pt;BH-01555;12.02.2021;;01:02:00;;;4522;-2019;1.1;2.37E+09;0.0020474;0.1;;;33;15;3;;;0.00205506;24.87;Roasted
G-O18-Pt08;PSO-#G@08;Pt;BH-01555;12.02.2021;;01:06:00;;;4480;-2083;1.1;2.34E+09;0.00204855;0.1;;;32;15;4;;;0.00205622;25.44;Roasted
G-O18-trans002;PSO-#G@02;tr;BH-01555;11.02.2021;;21:55:00;;;5286;-2118;1.22;2.54E+09;0.00204844;0.09;;;41;16;-2;;;0.00205611;25.39;Roasted
G-O18-trans003;PSO-#G@03;tr;BH-01555;11.02.2021;;21:59:00;;;5239;-2098;1.23;2.48E+09;0.00204771;0.08;;;40;16;-1;;;0.00205537;25.02;Roasted
G-O18-trans004;PSO-#G@04;tr;BH-01555;11.02.2021;;22:03:00;;;5193;-2078;1.2;2.48E+09;0.00205221;0.13;;;40;15;0;;;0.00205989;27.27;Roasted
G-O18-trans005;PSO-#G@05;tr;BH-01555;11.02.2021;;22:06:00;;;5147;-2058;1.19;2.46E+09;0.00204755;0.08;;;39;16;0;;;0.00205521;24.94;Roasted
G-O18-trans006;PSO-#G@06;tr;BH-01555;11.02.2021;;22:10:00;;;5100;-2038;1.18;2.44E+09;0.00204702;0.1;;;40;16;0;;;0.00205468;24.67;Roasted
G-O18-trans007;PSO-#G@07;tr;BH-01555;11.02.2021;;22:14:00;;;5054;-2018;1.18;2.47E+09;0.00204779;0.09;;;38;15;1;;;0.00205545;25.06;Roasted
G-O18-trans008;PSO-#G@08;tr;BH-01555;11.02.2021;;22:18:00;;;5008;-1998;1.18;2.47E+09;0.00204921;0.1;;;37;15;0;;;0.00205688;25.77;Roasted
G-O18-trans009;PSO-#G@09;tr;BH-01555;11.02.2021;;22:30:00;;;4961;-1978;1.16;2.46E+09;0.00204793;0.1;;;37;15;0;;;0.00205559;25.13;Roasted
G-O18-trans01;PSO-#G@01;tr;margin;11.02.2021;;21:51:00;;;5333;-2138;1.22;2.55E+09;0.00204889;0.1;;;41;16;-1;;;0.00205656;25.61;Roasted
G-O18-trans010;PSO-#G@10;tr;BH-01555;11.02.2021;;22:34:00;;;4915;-1958;1.15;2.45E+09;0.0020477;0.09;;;37;15;1;;;0.00205537;25.02;Roasted
G-O18-trans011;PSO-#G@11;tr;BH-01555;11.02.2021;;22:38:00;;;4869;-1938;1.16;2.45E+09;0.0020502;0.08;;;36;14;1;;;0.00205787;26.27;Roasted
G-O18-trans012;PSO-#G@12;tr;BH-01555;11.02.2021;;22:42:00;;;4823;-1918;1.15;2.45E+09;0.00204958;0.1;;;35;15;2;;;0.00205725;25.96;Roasted
G-O18-trans013;PSO-#G@13;tr;BH-01555;11.02.2021;;22:46:00;;;4776;-1898;1.15;2.44E+09;0.0020477;0.11;;;35;14;1;;;0.00205536;25.01;Roasted
G-O18-trans014;PSO-#G@14;tr;BH-01555;11.02.2021;;22:50:00;;;4730;-1878;1.15;2.43E+09;0.00204761;0.11;;;34;14;1;;;0.00205527;24.97;Roasted
G-O18-trans015;PSO-#G@15;tr;BH-01555;11.02.2021;;22:53:00;;;4684;-1858;1.14;2.41E+09;0.00204726;0.12;;;34;14;1;;;0.00205492;24.79;Roasted
G-O18-trans016;PSO-#G@16;tr;BH-01555;11.02.2021;;22:57:00;;;4638;-1838;1.14;2.43E+09;0.00204666;0.1;;;33;13;1;;;0.00205432;24.5;Roasted
G-O18-trans017;PSO-#G@17;tr;BH-01555;11.02.2021;;23:01:00;;;4591;-1818;1.14;2.41E+09;0.00204796;0.11;;;33;14;4;;;0.00205562;25.15;Roasted
G-O18-trans018;PSO-#G@18;tr;BH-01555;11.02.2021;;23:05:00;;;4546;-1797;1.14;2.43E+09;0.00204704;0.09;;;33;13;0;;;0.0020547;24.68;Roasted
G-O18-trans019;PSO-#G@19;tr;BH-01555;11.02.2021;;23:09:00;;;4545;-1797;1.14;2.66E+09;0.00204341;0.08;;;34;13;-4;;;0.00205106;22.87;Roasted
G-O18-trans020;PSO-#G@20;tr;BH-01555;11.02.2021;;23:13:00;;;4513;-1784;1.13;2.41E+09;0.00205012;0.12;;;32;13;0;;;0.00205779;26.23;Roasted
G-O18-trans021;PSO-#G@21;tr;BH-01555;11.02.2021;;23:17:00;;;4481;-1771;1.13;2.41E+09;0.00205045;0.11;;;32;12;0;;;0.00205812;26.39;Roasted
G-O18-trans022;PSO-#G@22;tr;BH-01555;11.02.2021;;23:21:00;;;4449;-1758;1.13;2.42E+09;0.00204935;0.09;;;32;13;0;;;0.00205702;25.84;Roasted
G-O18-trans023;PSO-#G@23;tr;BH-01555;11.02.2021;;23:24:00;;;4417;-1745;1.14;2.43E+09;0.00204895;0.11;;;32;12;-2;;;0.00205662;25.64;Roasted
G-O18-trans024;PSO-#G@24;tr;BH-01555;11.02.2021;;23:32:00;;;4385;-1732;1.13;2.43E+09;0.00204791;0.11;;;32;12;0;;;0.00205557;25.12;Roasted
G-O18-trans025;PSO-#G@25;tr;BH-01555;11.02.2021;;23:36:00;;;4354;-1719;1.14;2.45E+09;0.00204792;0.1;;;31;12;1;;;0.00205558;25.13;Roasted
G-O18-trans026;PSO-#G@26;tr;BH-01555;11.02.2021;;23:40:00;;;4322;-1706;1.13;2.42E+09;0.00204732;0.12;;;32;12;-1;;;0.00205498;24.82;Roasted
G-O18-trans027;PSO-#G@27;tr;BH-01555;11.02.2021;;23:44:00;;;4290;-1693;1.14;2.37E+09;0.00204571;0.12;;;31;12;-2;;;0.00205336;24.02;Roasted
G-O18-trans028;PSO-#G@28;tr;BH-01555;11.02.2021;;23:48:00;;;4258;-1679;1.14;2.37E+09;0.00204629;0.09;;;31;12;0;;;0.00205395;24.31;Roasted
G-O18-trans029;PSO-#G@29;tr;BH-01555;11.02.2021;;23:52:00;;;4227;-1665;1.13;2.27E+09;0.00204424;0.13;;;30;13;-2;;;0.00205189;23.28;Roasted
G-O18-trans030;PSO-#G@30;tr;BH-01555;11.02.2021;;23:56:00;;;4195;-1651;1.13;2.14E+09;0.00204384;0.09;;;29;12;1;;;0.00205149;23.08;Roasted
G-O18-trans031;PSO-#G@31;tr;BH-01555;12.02.2021;;00:00:00;;;4163;-1637;1.13;2.39E+09;0.0020466;0.12;;;29;13;-1;;;0.00205426;24.47;Roasted
G-O18-trans032;PSO-#G@32;tr;BH-01555;12.02.2021;;00:03:00;;;4131;-1623;1.13;2.38E+09;0.00204497;0.11;;;29;12;1;;;0.00205262;23.65;Roasted
G-O18-trans033;PSO-#G@33;tr;BH-01555;12.02.2021;;00:07:00;;;4100;-1609;1.13;2.15E+09;0.00204557;0.1;;;29;12;-3;;;0.00205323;23.95;Roasted
G-O18-trans034;PSO-#G@34;tr;BH-01555;12.02.2021;;00:11:00;;;4068;-1595;1.13;1.90E+09;0.00204371;0.11;;;28;12;2;;;0.00205136;23.02;Roasted
G-O18-trans035;PSO-#G@35;tr;BH-01555;12.02.2021;;00:15:00;;;4036;-1581;1.13;2.20E+09;0.00204534;0.11;;;29;13;-2;;;0.00205299;23.83;Roasted
G-O18-trans036;PSO-#G@36;tr;BH-01555;12.02.2021;;00:19:00;;;4005;-1567;1.13;8.03E+08;0.00203844;0.22;;;24;12;7;;;0.00204607;20.38;Roasted
G-O18-trans037;PSO-#G@37;tr;BH-01555;12.02.2021;;00:23:00;;;3973;-1553;1.13;2.42E+09;0.00204621;0.1;;;28;11;0;;;0.00205387;24.27;Roasted
G-O18-trans038;PSO-#G@38;tr;core;12.02.2021;;00:27:00;;;3941;-1539;1.13;2.42E+09;0.00204663;0.12;;;28;11;3;;;0.00205428;24.48;Roasted
H-18O-Pt01;PSO-#H@01;Pt;BH-01555;11.02.2021;;21:35:00;;;5773;479;1.24;2.57E+09;0.00205317;0.08;;;41;0;-4;;;0.00206085;27.75;
H-18O-Pt02;PSO-#H@02;Pt;BH-01555;11.02.2021;;21:39:00;;;5762;401;1.25;2.55E+09;0.00204833;0.1;;;41;1;-1;;;0.002056;25.33;
H-18O-Pt03;PSO-#H@03;Pt;BH-01555;11.02.2021;;21:43:00;;;5559;397;1.22;2.54E+09;0.00204739;0.13;;;39;3;0;;;0.00205505;24.86;
H-18O-Pt04;PSO-#H@04;Pt;BH-01555;11.02.2021;;21:47:00;;;5551;325;1.2;2.54E+09;0.00204681;0.08;;;38;3;0;;;0.00205447;24.57;
H-18O-trans002;PSO-#H@02;tr;BH-01555;11.02.2021;;19:02:00;;;5697;583;1.22;2.57E+09;0.00204671;0.1;;;40;0;-2;;;0.00205437;24.52;
H-18O-trans003;PSO-#H@03;tr;BH-01555;11.02.2021;;19:06:00;;;5654;563;1.23;2.55E+09;0.00205234;0.11;;;40;0;-2;;;0.00206002;27.34;
H-18O-trans004;PSO-#H@04;tr;BH-01555;11.02.2021;;19:14:00;;;5611;544;1.21;2.52E+09;0.00204577;0.13;;;39;2;-1;;;0.00205343;24.05;
H-18O-trans005;PSO-#H@05;tr;BH-01555;11.02.2021;;19:18:00;;;5568;525;1.21;2.53E+09;0.002046;0.08;;;39;1;2;;;0.00205365;24.16;
H-18O-trans006;PSO-#H@06;tr;BH-01555;11.02.2021;;19:22:00;;;5525;505;1.21;2.54E+09;0.00205243;0.12;;;38;1;3;;;0.00206011;27.39;
H-18O-trans007;PSO-#H@07;tr;BH-01555;11.02.2021;;19:26:00;;;5482;487;1.2;2.55E+09;0.00204735;0.08;;;38;2;-2;;;0.00205501;24.84;
H-18O-trans008;PSO-#H@08;tr;BH-01555;11.02.2021;;19:29:00;;;5439;467;1.2;2.48E+09;0.00204664;0.1;;;37;2;0;;;0.00205429;24.48;
H-18O-trans009;PSO-#H@09;tr;BH-01555;11.02.2021;;19:33:00;;;5396;449;1.19;2.51E+09;0.00204631;0.08;;;37;2;2;;;0.00205396;24.32;
H-18O-trans01;PSO-#H@01;tr;margin;11.02.2021;;18:58:00;;;5740;603;1.22;2.54E+09;0.00204791;0.09;;;39;0;-3;;;0.00205557;25.12;
H-18O-trans010;PSO-#H@10;tr;BH-01555;11.02.2021;;19:37:00;;;5364;435;1.19;2.51E+09;0.00204685;0.09;;;37;4;-1;;;0.00205451;24.59;
H-18O-trans011;PSO-#H@11;tr;BH-01555;11.02.2021;;19:41:00;;;5332;422;1.19;2.54E+09;0.00205132;0.09;;;36;3;1;;;0.00205899;26.83;
H-18O-trans012;PSO-#H@12;tr;BH-01555;11.02.2021;;19:45:00;;;5301;409;1.19;2.58E+09;0.00204952;0.09;;;36;3;0;;;0.00205719;25.93;
H-18O-trans013;PSO-#H@13;tr;BH-01555;11.02.2021;;19:49:00;;;5269;396;1.2;2.58E+09;0.00204783;0.08;;;37;4;-2;;;0.00205549;25.08;
H-18O-trans014;PSO-#H@14;tr;BH-01555;11.02.2021;;19:53:00;;;5238;383;1.2;2.57E+09;0.00204615;0.09;;;35;3;-1;;;0.0020538;24.24;
H-18O-trans015;PSO-#H@15;tr;BH-01555;11.02.2021;;19:57:00;;;5207;370;1.2;2.55E+09;0.00204666;0.09;;;36;4;-2;;;0.00205432;24.49;
H-18O-trans016;PSO-#H@16;tr;BH-01555;11.02.2021;;20:01:00;;;5176;357;1.19;2.54E+09;0.0020457;0.09;;;35;4;1;;;0.00205335;24.01;
H-18O-trans017;PSO-#H@17;tr;BH-01555;11.02.2021;;20:05:00;;;5144;344;1.19;2.54E+09;0.00204593;0.09;;;34;4;-1;;;0.00205358;24.13;
H-18O-trans018;PSO-#H@18;tr;BH-01555;11.02.2021;;20:09:00;;;5113;331;1.19;2.55E+09;0.00204498;0.1;;;34;4;-3;;;0.00205263;23.66;
H-18O-trans019;PSO-#H@19;tr;BH-01555;11.02.2021;;20:21:00;;;5082;318;1.18;2.57E+09;0.00204545;0.09;;;34;4;-2;;;0.0020531;23.89;
H-18O-trans020;PSO-#H@20;tr;BH-01555;11.02.2021;;20:25:00;;;5050;305;1.19;2.55E+09;0.00204589;0.12;;;35;5;-1;;;0.00205355;24.11;
H-18O-trans021;PSO-#H@21;tr;BH-01555;11.02.2021;;20:29:00;;;5019;292;1.18;2.51E+09;0.00204395;0.11;;;35;4;-3;;;0.0020516;23.14;
H-18O-trans022;PSO-#H@22;tr;BH-01555;11.02.2021;;20:32:00;;;4988;279;1.19;2.57E+09;0.00204582;0.13;;;33;5;-2;;;0.00205347;24.07;
H-18O-trans023;PSO-#H@23;tr;BH-01555;11.02.2021;;20:36:00;;;4956;266;1.19;2.54E+09;0.00204648;0.11;;;33;5;0;;;0.00205414;24.41;
H-18O-trans024;PSO-#H@24;tr;BH-01555;11.02.2021;;20:40:00;;;4925;253;1.2;2.52E+09;0.00204602;0.09;;;32;4;1;;;0.00205367;24.17;
H-18O-trans025;PSO-#H@25;tr;BH-01555;11.02.2021;;20:44:00;;;4894;240;1.2;2.57E+09;0.00204741;0.09;;;33;4;-1;;;0.00205507;24.87;
H-18O-trans026;PSO-#H@26;tr;BH-01555;11.02.2021;;20:48:00;;;4862;227;1.2;2.55E+09;0.00204992;0.1;;;32;5;-1;;;0.00205759;26.13;
H-18O-trans027;PSO-#H@27;tr;BH-01555;11.02.2021;;20:52:00;;;4831;214;1.19;2.53E+09;0.00205285;0.12;;;32;6;1;;;0.00206053;27.59;
H-18O-trans028;PSO-#H@28;tr;BH-01555;11.02.2021;;20:56:00;;;4800;201;1.19;2.54E+09;0.0020511;0.11;;;31;5;2;;;0.00205878;26.72;
H-18O-trans029;PSO-#H@29;tr;BH-01555;11.02.2021;;21:00:00;;;4768;188;1.2;2.57E+09;0.00204896;0.13;;;31;5;0;;;0.00205663;25.65;
H-18O-trans030;PSO-#H@30;tr;BH-01555;11.02.2021;;21:04:00;;;4737;175;1.21;2.59E+09;0.00204883;0.11;;;31;5;-1;;;0.0020565;25.58;
H-18O-trans031;PSO-#H@31;tr;BH-01555;11.02.2021;;21:08:00;;;4706;162;1.22;2.59E+09;0.00204814;0.09;;;31;6;0;;;0.0020558;25.24;
H-18O-trans032;PSO-#H@32;tr;BH-01555;11.02.2021;;21:12:00;;;4674;149;1.22;2.38E+09;0.00204704;0.12;;;30;6;2;;;0.0020547;24.68;
H-18O-trans033;PSO-#H@33;tr;BH-01555;11.02.2021;;21:15:00;;;4643;136;1.22;2.58E+09;0.0020465;0.1;;;30;6;-1;;;0.00205415;24.41;
H-18O-trans034;PSO-#H@34;tr;BH-01555;11.02.2021;;21:23:00;;;4612;123;1.23;2.60E+09;0.00204671;0.12;;;30;6;-2;;;0.00205437;24.52;
H-18O-trans035;PSO-#H@35;tr;BH-01555;11.02.2021;;21:27:00;;;4580;110;1.22;2.59E+09;0.00204707;0.11;;;30;7;1;;;0.00205473;24.7;
H-18O-trans036;PSO-#H@36;tr;core;11.02.2021;;21:31:00;;;4550;97;1.23;2.60E+09;0.0020475;0.11;;;30;6;0;;;0.00205516;24.91;
I-18O-Pt002;PSO-#I@02;Pt;BH-00730;11.02.2021;;17:50:00;;;5021;3305;1.26;2.58E+09;0.00204647;0.08;;;40;-18;1;;;0.00205412;24.4;
I-18O-Pt003;PSO-#I@03;Pt;BH-00730;11.02.2021;;17:54:00;;;4944;3339;1.27;2.58E+09;0.00204681;0.11;;;39;-15;-2;;;0.00205447;24.57;
I-18O-Pt004;PSO-#I@04;Pt;BH-00730;11.02.2021;;17:58:00;;;4917;3275;1.25;2.58E+09;0.00204595;0.11;;;39;-15;0;;;0.00205361;24.14;
I-18O-Pt005;PSO-#I@05;Pt;BH-00730;11.02.2021;;18:10:00;;;4811;3325;1.24;2.55E+09;0.00204703;0.09;;;38;-16;2;;;0.00205469;24.68;
I-18O-Pt006;PSO-#I@06;Pt;BH-00730;11.02.2021;;18:14:00;;;4781;3257;1.22;2.57E+09;0.00204548;0.09;;;37;-15;0;;;0.00205314;23.91;
I-18O-Pt007;PSO-#I@07;Pt;BH-00730;11.02.2021;;18:18:00;;;4667;3282;1.23;2.58E+09;0.00204634;0.1;;;36;-13;1;;;0.002054;24.34;
I-18O-Pt008;PSO-#I@08;Pt;BH-00730;11.02.2021;;18:22:00;;;4637;3225;1.22;2.56E+09;0.00204563;0.09;;;35;-12;2;;;0.00205329;23.98;
I-18O-Pt009;PSO-#I@09;Pt;BH-00730;11.02.2021;;18:26:00;;;4510;3270;1.23;2.60E+09;0.00204593;0.09;;;34;-13;2;;;0.00205359;24.13;
I-18O-Pt01;PSO-#I@01;Pt;BH-00730;11.02.2021;;17:46:00;;;5042;3380;1.26;2.61E+09;0.0020472;0.06;;;41;-19;-2;;;0.00205486;24.76;
I-18O-Pt010;PSO-#I@10;Pt;BH-00730;11.02.2021;;18:30:00;;;4484;3214;1.22;2.54E+09;0.00204481;0.12;;;33;-11;2;;;0.00205246;23.57;
I-18O-Pt011;PSO-#I@11;Pt;BH-00730;11.02.2021;;18:34:00;;;4373;3213;1.22;2.53E+09;0.0020454;0.08;;;32;-10;5;;;0.00205306;23.87;
I-18O-Pt012;PSO-#I@12;Pt;BH-00730;11.02.2021;;18:38:00;;;4337;3139;1.2;2.54E+09;0.00204584;0.08;;;31;-9;0;;;0.0020535;24.09;
I-18O-Pt013;PSO-#I@13;Pt;BH-00730;11.02.2021;;18:42:00;;;4216;3205;1.22;2.54E+09;0.00204575;0.1;;;32;-10;2;;;0.0020534;24.04;
I-18O-Pt014;PSO-#I@14;Pt;BH-00730;11.02.2021;;18:46:00;;;4189;3124;1.21;2.51E+09;0.00204323;0.12;;;30;-9;-1;;;0.00205087;22.78;
I-18O-Pt015;PSO-#I@15;Pt;BH-00730;11.02.2021;;18:50:00;;;3856;3155;1.21;2.55E+09;0.00204921;0.11;;;27;-7;1;;;0.00205688;25.77;
I-18O-Pt016;PSO-#I@16;Pt;BH-00730;11.02.2021;;18:54:00;;;3839;3085;1.2;2.54E+09;0.00204961;0.11;;;27;-7;4;;;0.00205728;25.97;
I-18O-trans002;PSO-#I@02;tr;BH-00730;11.02.2021;;15:02:00;;;5017;3418;1.36;2.74E+09;0.00204646;0.07;;;41;-17;1;;;0.00205412;24.4;
I-18O-trans003;PSO-#I@03;tr;BH-00730;11.02.2021;;15:06:00;;;4970;3408;1.36;2.75E+09;0.00204579;0.1;;;40;-17;-2;;;0.00205344;24.06;
I-18O-trans004;PSO-#I@04;tr;BH-00730;11.02.2021;;15:10:00;;;4922;3398;1.37;2.79E+09;0.002047;0.1;;;39;-16;3;;;0.00205466;24.67;
I-18O-trans005;PSO-#I@05;tr;BH-00730;11.02.2021;;15:14:00;;;4875;3388;1.36;2.78E+09;0.00204558;0.11;;;40;-14;-1;;;0.00205323;23.95;
I-18O-trans006;PSO-#I@06;tr;BH-00730;11.02.2021;;15:18:00;;;4827;3378;1.36;2.76E+09;0.00205133;0.08;;;39;-15;1;;;0.002059;26.83;
I-18O-trans007;PSO-#I@07;tr;BH-00730;11.02.2021;;15:22:00;;;4780;3367;1.35;2.76E+09;0.00204608;0.08;;;38;-13;2;;;0.00205373;24.2;
I-18O-trans008;PSO-#I@08;tr;BH-00730;11.02.2021;;15:26:00;;;4732;3357;1.35;2.75E+09;0.00204634;0.09;;;37;-14;4;;;0.00205399;24.33;
I-18O-trans009;PSO-#I@09;tr;BH-00730;11.02.2021;;15:30:00;;;4685;3347;1.34;2.78E+09;0.00204763;0.12;;;37;-12;0;;;0.00205529;24.98;
I-18O-trans01;PSO-#I@01;tr;margin;11.02.2021;;14:58:00;;;5065;3428;1.36;2.75E+09;0.00204514;0.09;;;41;-18;-1;;;0.0020528;23.74;
I-18O-trans010;PSO-#I@10;tr;BH-00730;11.02.2021;;15:34:00;;;4637;3337;1.34;2.72E+09;0.00204486;0.1;;;36;-13;3;;;0.00205252;23.6;
I-18O-trans011;PSO-#I@11;tr;BH-00730;11.02.2021;;15:38:00;;;4590;3327;1.33;2.75E+09;0.00204507;0.1;;;34;-12;1;;;0.00205272;23.7;
I-18O-trans012;PSO-#I@12;tr;BH-00730;11.02.2021;;15:42:00;;;4543;3317;1.34;2.74E+09;0.00204862;0.08;;;34;-10;4;;;0.00205628;25.48;
I-18O-trans013;PSO-#I@13;tr;BH-00730;11.02.2021;;15:46:00;;;4495;3307;1.34;2.74E+09;0.00204515;0.11;;;34;-11;0;;;0.0020528;23.74;
I-18O-trans014;PSO-#I@14;tr;BH-00730;11.02.2021;;15:50:00;;;4448;3297;1.34;2.72E+09;0.00204378;0.1;;;36;-11;2;;;0.00205143;23.05;
I-18O-trans015;PSO-#I@15;tr;BH-00730;11.02.2021;;16:02:00;;;4400;3287;1.34;2.75E+09;0.00204908;0.12;;;33;-11;0;;;0.00205675;25.71;
I-18O-trans016;PSO-#I@16;tr;BH-00730;11.02.2021;;16:06:00;;;4353;3276;1.33;2.75E+09;0.00204465;0.07;;;31;-11;2;;;0.0020523;23.49;
I-18O-trans017;PSO-#I@17;tr;BH-00730;11.02.2021;;16:10:00;;;4305;3267;1.34;2.74E+09;0.00204586;0.11;;;32;-10;0;;;0.00205352;24.1;
I-18O-trans018;PSO-#I@18;tr;BH-00730;11.02.2021;;16:14:00;;;4258;3256;1.33;2.75E+09;0.00204919;0.08;;;31;-10;1;;;0.00205685;25.76;
I-18O-trans019;PSO-#I@19;tr;BH-00730;11.02.2021;;16:18:00;;;4211;3247;1.33;2.71E+09;0.00204501;0.09;;;31;-9;1;;;0.00205266;23.67;
I-18O-trans020;PSO-#I@20;tr;BH-00730;11.02.2021;;16:22:00;;;4163;3236;1.34;2.74E+09;0.00204418;0.09;;;30;-9;1;;;0.00205182;23.25;
I-18O-trans021;PSO-#I@21;tr;BH-00730;11.02.2021;;16:26:00;;;4128;3233;1.34;2.72E+09;0.0020441;0.09;;;30;-9;4;;;0.00205175;23.21;
I-18O-trans022;PSO-#I@22;tr;BH-00730;11.02.2021;;16:30:00;;;4093;3230;1.33;2.72E+09;0.00204406;0.08;;;30;-9;1;;;0.0020517;23.19;
I-18O-trans023;PSO-#I@23;tr;BH-00730;11.02.2021;;16:34:00;;;4059;3227;1.32;2.74E+09;0.00204277;0.09;;;29;-8;-1;;;0.00205041;22.55;
I-18O-trans024;PSO-#I@24;tr;BH-00730;11.02.2021;;16:38:00;;;4025;3224;1.32;2.65E+09;0.00204345;0.11;;;29;-9;1;;;0.0020511;22.89;
I-18O-trans025;PSO-#I@25;tr;BH-00730;11.02.2021;;16:42:00;;;3990;3221;1.31;2.71E+09;0.00204338;0.11;;;29;-9;3;;;0.00205102;22.85;
I-18O-trans026;PSO-#I@26;tr;BH-00730;11.02.2021;;16:46:00;;;3956;3218;1.31;2.70E+09;0.00204258;0.09;;;29;-7;1;;;0.00205023;22.45;
I-18O-trans027;PSO-#I@27;tr;BH-00730;11.02.2021;;16:50:00;;;3922;3215;1.31;2.73E+09;0.0020443;0.09;;;31;-7;-3;;;0.00205195;23.31;
I-18O-trans028;PSO-#I@28;tr;BH-00730;11.02.2021;;16:54:00;;;3887;3212;1.3;2.64E+09;0.00204655;0.09;;;28;-7;0;;;0.00205421;24.44;
I-18O-trans029;PSO-#I@29;tr;BH-00730;11.02.2021;;16:58:00;;;3853;3210;1.3;2.69E+09;0.00204901;0.1;;;28;-8;1;;;0.00205668;25.67;
I-18O-trans030;PSO-#I@30;tr;BH-00730;11.02.2021;;17:06:00;;;3819;3207;1.29;2.51E+09;0.00204529;0.16;;;27;-6;-1;;;0.00205294;23.81;
I-18O-trans031;PSO-#I@31;tr;BH-00730;11.02.2021;;17:10:00;;;3784;3204;1.29;2.41E+09;0.00204576;0.12;;;27;-5;1;;;0.00205342;24.05;
I-18O-trans032;PSO-#I@32;tr;BH-00730;11.02.2021;;17:14:00;;;3750;3201;1.28;2.63E+09;0.00204553;0.08;;;27;-6;2;;;0.00205318;23.93;
I-18O-trans033;PSO-#I@33;tr;BH-00730;11.02.2021;;17:18:00;;;3716;3198;1.27;2.48E+09;0.00204521;0.13;;;27;-6;1;;;0.00205286;23.77;
I-18O-trans034;PSO-#I@34;tr;BH-00730;11.02.2021;;17:22:00;;;3681;3195;1.27;2.65E+09;0.00204463;0.09;;;26;-6;1;;;0.00205228;23.48;
I-18O-trans035;PSO-#I@35;tr;BH-00730;11.02.2021;;17:26:00;;;3647;3192;1.27;2.65E+09;0.00204409;0.1;;;26;-6;1;;;0.00205174;23.21;
I-18O-trans036;PSO-#I@36;tr;BH-00730;11.02.2021;;17:30:00;;;3613;3190;1.25;2.59E+09;0.00204391;0.11;;;26;-6;2;;;0.00205156;23.12;
I-18O-trans037;PSO-#I@37;tr;BH-00730;11.02.2021;;17:34:00;;;3579;3187;1.26;2.65E+09;0.00204363;0.08;;;26;-6;-1;;;0.00205128;22.98;
I-18O-trans038;PSO-#I@38;tr;BH-00730;11.02.2021;;17:38:00;;;3544;3184;1.26;2.64E+09;0.00204477;0.1;;;25;-5;1;;;0.00205243;23.55;
I-18O-trans039;PSO-#I@39;tr;core;11.02.2021;;17:42:00;;;3511;3181;1.26;2.64E+09;0.0020438;0.11;;;24;-5;3;;;0.00205145;23.06;
F2-18O-Pt002;PSO-#F@02;Pt;BH-01741;12.02.2021;;07:22:00;;;-1257;-6040;0.85;2.06E+09;0.00205633;0.12;;;-2;45;4;;;0.00206402;29.33;
F2-18O-Pt003;PSO-#F@03;Pt;BH-01741;12.02.2021;;07:26:00;;;-1119;-5997;0.87;1.24E+07;0.00171909;#WERT!;;;-47;0;52;;;;;bad analysis, perhaps hit a crack or inclusion
F2-18O-Pt004;PSO-#F@04;Pt;BH-01741;12.02.2021;;07:29:00;;;-1160;-5950;0.88;2.06E+09;0.00205404;0.1;;;2;45;3;;;0.00206172;28.19;
F2-18O-Pt005;PSO-#F@05;Pt;BH-01741;12.02.2021;;07:33:00;;;-1031;-5916;0.86;2.07E+09;0.00205322;0.11;;;2;42;3;;;0.0020609;27.78;
F2-18O-Pt006;PSO-#F@06;Pt;BH-01741;12.02.2021;;07:37:00;;;-1071;-5836;0.87;2.08E+09;0.00205844;0.09;;;3;42;4;;;0.00206614;30.39;
F2-18O-Pt007;PSO-#F@07;Pt;BH-01741;12.02.2021;;07:41:00;;;-972;-5809;0.88;2.06E+09;0.00205241;0.11;;;4;40;4;;;0.00206009;27.37;
F2-18O-Pt008;PSO-#F@08;Pt;BH-01741;12.02.2021;;07:45:00;;;-998;-5721;0.87;2.07E+09;0.00205558;0.1;;;4;38;4;;;0.00206327;28.96;
F2-18O-Pt009;PSO-#F@09;Pt;BH-01741;12.02.2021;;07:49:00;;;-835;-5614;0.88;2.07E+09;0.00205058;0.12;;;6;36;7;;;0.00205825;26.46;
F2-18O-Pt01;PSO-#F@01;Pt;BH-01741;12.02.2021;;07:18:00;;;-1215;-6097;0.88;2.08E+09;0.00205494;0.09;;;-1;45;5;;;0.00206263;28.64;
F2-18O-Pt010;PSO-#F@10;Pt;BH-01741;12.02.2021;;07:53:00;;;-855;-5537;0.86;2.08E+09;0.00204979;0.06;;;6;35;4;;;0.00205745;26.06;
F2-18O-Pt011;PSO-#F@11;Pt;BH-01741;12.02.2021;;07:56:00;;;-674;-5462;0.87;2.06E+09;0.00205259;0.1;;;8;33;5;;;0.00206027;27.46;
F2-18O-Pt012;PSO-#F@12;Pt;BH-01741;12.02.2021;;08:00:00;;;-712;-5373;0.86;2.06E+09;0.0020507;0.1;;;8;33;4;;;0.00205837;26.52;
F2-18O-trans002;PSO-#F@02;tr;BH-01741;12.02.2021;;04:47:00;;;-1155;-6188;1.06;2.29E+09;0.00205997;0.1;;;0;46;5;;;0.00206768;31.16;
F2-18O-trans003;PSO-#F@03;tr;BH-01741;12.02.2021;;04:50:00;;;-1122;-6148;1.04;2.28E+09;0.00205376;0.1;;;0;46;3;;;0.00206144;28.05;
F2-18O-trans004;PSO-#F@04;tr;BH-01741;12.02.2021;;05:02:00;;;-1089;-6108;1.05;2.28E+09;0.00205648;0.09;;;3;45;2;;;0.00206417;29.41;
F2-18O-trans005;PSO-#F@05;tr;BH-01741;12.02.2021;;05:06:00;;;-1056;-6068;1.05;2.36E+09;0.00205204;0.08;;;1;45;2;;;0.00205972;27.19;
F2-18O-trans006;PSO-#F@06;tr;BH-01741;12.02.2021;;05:10:00;;;-1023;-6028;1.05;2.31E+09;0.00205631;0.11;;;0;45;7;;;0.002064;29.32;
F2-18O-trans007;PSO-#F@07;tr;BH-01741;12.02.2021;;05:14:00;;;-990;-5988;1.06;2.27E+09;0.00205314;0.08;;;3;43;4;;;0.00206083;27.74;
F2-18O-trans008;PSO-#F@08;tr;BH-01741;12.02.2021;;05:18:00;;;-957;-5948;1.05;2.06E+09;0.00205325;0.1;;;3;43;3;;;0.00206093;27.79;
F2-18O-trans009;PSO-#F@09;tr;BH-01741;12.02.2021;;05:22:00;;;-924;-5908;1.05;2.26E+09;0.00205689;0.1;;;4;42;4;;;0.00206459;29.62;
F2-18O-trans01;PSO-#F@01;tr;margin;12.02.2021;;04:43:00;;;-1187;-6228;1.06;2.27E+09;0.00205507;0.11;;;0;46;4;;;0.00206276;28.7;
F2-18O-trans010;PSO-#F@10;tr;BH-01741;12.02.2021;;05:26:00;;;-891;-5867;1.05;2.27E+09;0.00205327;0.09;;;4;40;6;;;0.00206096;27.81;
F2-18O-trans011;PSO-#F@11;tr;BH-01741;12.02.2021;;05:29:00;;;-858;-5826;1.05;2.27E+09;0.00205202;0.12;;;5;40;5;;;0.0020597;27.18;
F2-18O-trans012;PSO-#F@12;tr;BH-01741;12.02.2021;;05:33:00;;;-825;-5785;1.04;2.26E+09;0.00205328;0.1;;;6;40;3;;;0.00206096;27.81;
F2-18O-trans013;PSO-#F@13;tr;BH-01741;12.02.2021;;05:37:00;;;-792;-5744;1.03;2.26E+09;0.00205234;0.09;;;6;39;4;;;0.00206002;27.34;
F2-18O-trans014;PSO-#F@14;tr;BH-01741;12.02.2021;;05:41:00;;;-759;-5703;1.03;2.21E+09;0.00205502;0.1;;;7;38;6;;;0.00206271;28.68;
F2-18O-trans015;PSO-#F@15;tr;BH-01741;12.02.2021;;05:45:00;;;-736;-5677;1.02;2.18E+09;0.00205209;0.14;;;6;37;6;;;0.00205976;27.21;
F2-18O-trans016;PSO-#F@16;tr;BH-01741;12.02.2021;;05:49:00;;;-713;-5651;1.02;2.22E+09;0.00205257;0.11;;;7;37;6;;;0.00206025;27.45;
F2-18O-trans017;PSO-#F@17;tr;BH-01741;12.02.2021;;05:52:00;;;-690;-5625;1.01;2.23E+09;0.00205312;0.09;;;8;36;4;;;0.0020608;27.73;
F2-18O-trans018;PSO-#F@18;tr;BH-01741;12.02.2021;;05:56:00;;;-667;-5599;1.01;2.24E+09;0.00205074;0.12;;;8;35;6;;;0.00205842;26.54;
F2-18O-trans019;PSO-#F@19;tr;BH-01741;12.02.2021;;06:04:00;;;-644;-5573;1;5.87E+08;0.00204288;0.21;;;6;36;9;;;0.00205053;;low count rate, discard
F2-18O-trans020;PSO-#F@20;tr;BH-01741;12.02.2021;;06:08:00;;;-621;-5547;1.01;2.17E+09;0.00205358;0.08;;;10;35;6;;;0.00206127;27.96;
F2-18O-trans021;PSO-#F@21;tr;BH-01741;12.02.2021;;06:12:00;;;-598;-5521;1.01;1.70E+09;0.00205289;0.1;;;9;34;3;;;0.00206058;;low count rate, discard
F2-18O-trans022;PSO-#F@22;tr;BH-01741;12.02.2021;;06:16:00;;;-575;-5495;1.01;2.20E+09;0.00205016;0.13;;;9;34;9;;;0.00205783;26.25;
F2-18O-trans023;PSO-#F@23;tr;BH-01741;12.02.2021;;06:20:00;;;-551;-5469;1;1.77E+09;0.00202237;0.1;;;17;32;25;;;0.00202993;;centering problem, discard
F2-18O-trans024;PSO-#F@24;tr;BH-01741;12.02.2021;;06:24:00;;;-527;-5443;0.99;2.23E+09;0.00204947;0.12;;;10;33;3;;;0.00205714;25.9;
F2-18O-trans025;PSO-#F@25;tr;BH-01741;12.02.2021;;06:27:00;;;-503;-5417;0.99;2.20E+09;0.00205372;0.1;;;10;33;3;;;0.0020614;28.03;
F2-18O-trans026;PSO-#F@26;tr;BH-01741;12.02.2021;;06:31:00;;;-479;-5390;0.99;2.18E+09;0.00205192;0.1;;;11;32;5;;;0.0020596;27.13;
F2-18O-trans027;PSO-#F@27;tr;BH-01741;12.02.2021;;06:35:00;;;-455;-5363;0.97;2.15E+09;0.00205108;0.1;;;11;32;7;;;0.00205875;26.71;
F2-18O-trans028;PSO-#F@28;tr;BH-01741;12.02.2021;;06:39:00;;;-431;-5336;0.98;2.11E+09;0.00205029;0.13;;;11;31;6;;;0.00205796;26.31;
F2-18O-trans029;PSO-#F@29;tr;BH-01741;12.02.2021;;06:43:00;;;-407;-5309;0.97;2.10E+09;0.00204806;0.13;;;11;31;2;;;0.00205572;25.19;
F2-18O-trans030;PSO-#F@30;tr;BH-01741;12.02.2021;;06:47:00;;;-383;-5282;0.96;2.16E+09;0.00204993;0.11;;;11;31;4;;;0.0020576;26.13;
F2-18O-trans031;PSO-#F@31;tr;BH-01741;12.02.2021;;06:51:00;;;-359;-5255;0.95;2.07E+09;0.00204815;0.14;;;12;30;5;;;0.00205581;25.24;
F2-18O-trans032;PSO-#F@32;tr;BH-01741;12.02.2021;;06:54:00;;;-335;-5228;0.95;2.09E+09;0.0020473;0.08;;;12;30;3;;;0.00205496;24.82;
F2-18O-trans033;PSO-#F@33;tr;BH-01741;12.02.2021;;06:58:00;;;-311;-5201;0.94;2.09E+09;0.00204635;0.13;;;12;29;2;;;0.00205401;24.34;
F2-18O-trans034;PSO-#F@34;tr;BH-01741;12.02.2021;;07:10:00;;;-287;-5174;0.92;2.12E+09;0.0020507;0.12;;;12;29;3;;;0.00205837;26.52;
F2-18O-trans035;PSO-#F@35;tr;core;12.02.2021;;07:14:00;;;-263;-5147;0.92;2.11E+09;0.00205045;0.13;;;12;28;8;;;0.00205813;26.39;
