ID;Date;?;clock;east-west;north-south;primary;12C;13C/12C;1SE (‰);DT-FA-x (bits);DT-FA-y (bits);entrance slit (bits);13C/12C IMF corrected;VPDB;uncert. (1SE, ‰)
D-13C@02;23.02.2021;30;01:17:00;-2497;-5388;1.05;1.30E+07;0.011242;0.29;-42;34;-5;0.0112007;-3.25;0.29
D-13C@03;23.02.2021;30;01:21:00;-2525;-5346;1.06;1.29E+07;0.011273;0.25;-43;34;-3;0.0112316;-0.5;0.25
D-13C@04;23.02.2021;30;01:26:00;-2553;-5304;1.06;1.30E+07;0.01123;0.25;-43;32;-5;0.0111894;-4.25;0.25
D-13C@05;23.02.2021;30;01:30:00;-2581;-5262;1.05;1.28E+07;0.011267;0.25;-42;32;-4;0.0112253;-1.06;0.25
D-13C@06;23.02.2021;30;01:35:00;-2609;-5220;1.04;1.27E+07;0.011257;0.25;-42;33;-5;0.0112154;-1.94;0.25
D-13C@07;23.02.2021;30;01:44:00;-2637;-5178;1.02;1.22E+07;0.011257;0.28;-43;32;-4;0.0112155;-1.93;0.28
D-13C@08;23.02.2021;30;01:49:00;-2665;-5135;0.99;1.21E+07;0.01124;0.3;-42;32;-5;0.0111988;-3.42;0.3
D-13C@09;23.02.2021;30;01:54:00;-2693;-5092;0.99;1.23E+07;0.011238;0.25;-43;31;-4;0.011197;-3.58;0.25
D-13C@01;23.02.2021;30;01:12:00;-2469;-5430;1.05;1.29E+07;0.01124;0.31;-42;36;-5;0.0111986;-3.43;0.31
D-13C@10;23.02.2021;30;01:58:00;-2721;-5049;1;1.26E+07;0.011243;0.27;-44;31;-4;0.0112015;-3.18;0.27
D-13C@11;23.02.2021;30;02:03:00;-2748;-5006;1;1.25E+07;0.011232;0.26;-43;31;-2;0.0111906;-4.15;0.26
D-13C@12;23.02.2021;30;02:10:00;-2775;-4963;0.99;3.30E+08;;33.97;-46;27;6;;;
D-13C@13;23.02.2021;30;02:14:00;-2802;-4920;0.99;1.23E+07;0.011246;0.25;-45;30;-3;0.0112051;-2.86;0.25
D-13C@14;23.02.2021;30;02:19:00;-2829;-4877;1;1.22E+07;0.011264;0.26;-44;28;-4;0.0112228;-1.29;0.26
D-13C@15;23.02.2021;30;02:24:00;-2856;-4834;1.04;1.23E+07;0.011225;0.27;-44;28;-4;0.0111837;-4.76;0.27
D-13C@16;23.02.2021;30;02:28:00;-2883;-4791;0.97;1.21E+07;0.011257;0.27;-43;29;-3;0.0112156;-1.92;0.27
D-13C@17;23.02.2021;30;02:33:00;-2910;-4748;0.96;1.22E+07;0.011253;0.26;-45;28;-4;0.0112114;-2.3;0.26
D-13C@18;23.02.2021;30;02:37:00;-2937;-4705;0.95;1.21E+07;0.01125;0.34;-44;28;-5;0.011209;-2.51;0.34
D-13C@19;23.02.2021;30;02:42:00;-2964;-4662;0.95;1.19E+07;0.011239;0.26;-44;27;-3;0.0111976;-3.53;0.26
D-13C@20;23.02.2021;30;02:46:00;-2984;-4633;0.95;1.31E+07;0.011203;0.25;-42;25;-6;0.0111618;-6.71;0.25
D-13C@21;23.02.2021;30;02:51:00;-3004;-4604;0.93;1.18E+07;0.011237;0.3;-44;27;-5;0.0111956;-3.7;0.3
D-13C@22;23.02.2021;30;03:05:00;-3024;-4575;0.89;1.19E+07;0.011256;0.26;-45;26;-3;0.0112147;-2;0.26
D-13C@23;23.02.2021;30;03:09:00;-3044;-4546;0.91;1.20E+07;0.011234;0.26;-46;25;-6;0.0111928;-3.95;0.26
D-13C@24;23.02.2021;30;03:14:00;-3064;-4517;0.89;1.17E+07;0.011249;0.26;-45;25;-6;0.0112082;-2.58;0.26
D-13C@25;23.02.2021;30;03:19:00;-3084;-4488;0.91;1.17E+07;0.011235;0.27;-45;25;-4;0.0111937;-3.87;0.27
D-13C@26;23.02.2021;30;03:23:00;-3104;-4459;0.91;1.17E+07;0.01124;0.27;-44;26;-5;0.0111984;-3.45;0.27
D-13C@27;23.02.2021;30;03:28:00;-3124;-4430;0.92;1.17E+07;0.011261;0.28;-44;25;-6;0.0112202;-1.51;0.28
D-13C@28;23.02.2021;30;03:32:00;-3144;-4401;0.89;1.19E+07;0.01126;0.33;-45;25;-5;0.0112191;-1.61;0.33
D-13C@29;23.02.2021;30;03:37:00;-3164;-4372;0.9;1.16E+07;0.011238;0.26;-44;25;-5;0.0111973;-3.55;0.26
D-13C@30;23.02.2021;30;03:41:00;-3183;-4343;0.89;1.15E+07;0.011237;0.28;-44;25;-5;0.0111958;-3.68;0.28
D-13C@31;23.02.2021;30;03:46:00;-3202;-4314;0.88;1.17E+07;0.011229;0.3;-45;24;-4;0.0111877;-4.4;0.3
D-13C@32;23.02.2021;30;03:51:00;-3221;-4285;0.89;1.16E+07;0.011245;0.26;-45;24;-5;0.0112036;-2.99;0.26
D-13C@33;23.02.2021;30;03:55:00;-3240;-4256;0.88;1.17E+07;0.011246;0.26;-46;24;-4;0.0112046;-2.9;0.26
D-13C@34;23.02.2021;30;04:00:00;-3259;-4227;0.88;1.20E+07;0.011249;0.26;-44;25;-3;0.0112075;-2.64;0.26
D-13C@35;23.02.2021;30;04:04:00;-3278;-4198;0.87;1.16E+07;0.01126;0.28;-45;23;-3;0.0112191;-1.61;0.28
D-13C@36;23.02.2021;30;04:09:00;-3297;-4169;0.86;1.18E+07;0.011231;0.34;-46;24;-6;0.0111903;-4.17;0.34
D-13C@37;23.02.2021;30;04:18:00;-3316;-4140;0.85;1.20E+07;0.011214;0.26;-46;24;-11;0.0111731;-5.71;0.26
D-13C@38;23.02.2021;30;04:23:00;-3335;-4111;0.84;1.55E+07;0.011113;0.4;-42;32;-27;0.0110725;-14.66;0.4
D-13C@39;23.02.2021;30;04:27:00;-3354;-4082;0.85;1.15E+07;0.011236;0.28;-45;23;-4;0.0111951;-3.75;0.28
D-13C@40;23.02.2021;30;04:32:00;-3373;-4053;0.86;1.16E+07;0.011228;0.26;-47;22;-5;0.0111874;-4.43;0.26
D-13C@41;23.02.2021;30;04:37:00;-3392;-4024;0.85;1.39E+07;0.011188;0.3;-45;25;-3;0.011147;-8.03;0.3
D-13C@42;23.02.2021;30;04:41:00;-3411;-3995;0.86;1.16E+07;0.011246;0.26;-46;21;-3;0.0112051;-2.86;0.26
D-13C@43;23.02.2021;30;04:46:00;-3430;-3966;0.86;1.15E+07;0.011258;0.26;-45;22;-4;0.011217;-1.8;0.26
D-13C@44;23.02.2021;30;04:50:00;-3449;-3936;0.84;1.16E+07;0.011237;0.26;-46;22;-5;0.0111963;-3.64;0.26
D-13C@45;23.02.2021;30;04:55:00;-3468;-3906;0.85;1.15E+07;0.011226;0.28;-46;22;-5;0.0111848;-4.66;0.28
D-13C@46;23.02.2021;30;04:59:00;-3487;-3876;0.84;2.42E+07;0.011045;0.38;-45;23;-4;0.0110046;-20.7;0.38
D-13C@47;23.02.2021;30;05:04:00;-3506;-3846;0.84;1.15E+07;0.011204;0.26;-45;21;-5;0.0111634;-6.57;0.26
D-13C@48;23.02.2021;30;05:09:00;-3525;-3816;0.83;1.13E+07;0.011218;0.27;-47;21;-5;0.011177;-5.35;0.27
D-13C@49;23.02.2021;30;05:13:00;-3544;-3786;0.81;1.23E+07;0.011176;0.27;-44;19;-7;0.0111349;-9.1;0.27
D-13C@50;23.02.2021;30;05:18:00;-3563;-3756;0.79;1.11E+07;0.01119;0.27;-45;19;-6;0.011149;-7.85;0.27
D-13C@51;23.02.2021;30;05:22:00;-3582;-3726;0.78;1.10E+07;0.011198;0.31;-47;19;-3;0.0111569;-7.15;0.31
E-13C@02;23.02.2021;30;05:41:00;-4654;-2162;0.76;1.08E+07;0.011248;0.27;-51;16;-2;0.0112068;-2.7;0.27
E-13C@03;23.02.2021;30;05:45:00;-4612;-2135;0.76;1.07E+07;0.011244;0.29;-50;16;-2;0.0112033;-3.02;0.29
E-13C@04;23.02.2021;30;05:50:00;-4570;-2108;0.75;1.15E+07;0.01122;0.34;-49;15;-4;0.0111785;-5.23;0.34
E-13C@05;23.02.2021;30;05:55:00;-4528;-2081;0.75;1.11E+07;0.011264;0.27;-46;12;11;0.0112229;-1.28;0.27
E-13C@06;23.02.2021;30;05:59:00;-4486;-2054;0.76;1.20E+07;0.011223;0.26;-49;13;-4;0.0111817;-4.94;0.26
E-13C@07;23.02.2021;30;06:04:00;-4444;-2027;0.75;1.08E+07;0.011241;0.34;-48;13;-6;0.0111996;-3.35;0.34
E-13C@08;23.02.2021;30;06:08:00;-4401;-2000;0.75;1.06E+07;0.011238;0.27;-45;11;-7;0.0111971;-3.57;0.27
E-13C@09;23.02.2021;30;06:13:00;-4358;-1973;0.74;1.08E+07;0.011269;0.34;-44;11;-8;0.0112275;-0.87;0.34
E-13C@01;23.02.2021;30;05:36:00;-4696;-2189;0.76;1.13E+07;0.011224;0.28;-52;17;-4;0.0111828;-4.84;0.28
E-13C@10;23.02.2021;30;06:18:00;-4315;-1946;0.73;1.07E+07;0.011241;0.27;-44;11;-5;0.0112002;-3.29;0.27
E-13C@11;23.02.2021;30;06:22:00;-4272;-1919;0.74;1.09E+07;0.011258;0.3;-44;11;-7;0.0112165;-1.84;0.3
E-13C@12;23.02.2021;30;06:27:00;-4229;-1892;0.73;1.42E+07;0.011141;0.34;-36;11;-6;0.0111002;-12.19;0.34
E-13C@13;23.02.2021;30;06:31:00;-4186;-1865;0.72;1.29E+07;0.01119;0.29;-47;13;-6;0.011149;-7.85;0.29
E-13C@14;23.02.2021;30;06:36:00;-4143;-1838;0.72;1.07E+07;0.011258;0.27;-43;10;-6;0.0112173;-1.77;0.27
E-13C@15;23.02.2021;30;06:40:00;-4100;-1811;0.71;1.32E+07;0.011198;0.27;-47;9;-1;0.0111566;-7.17;0.27
E-13C@16;23.02.2021;30;06:54:00;-4057;-1784;0.71;1.07E+07;0.011227;0.29;-43;7;-5;0.0111856;-4.59;0.29
E-13C@17;23.02.2021;30;06:59:00;-4014;-1757;0.71;1.06E+07;0.011223;0.27;-42;7;-7;0.0111821;-4.9;0.27
E-13C@18;23.02.2021;30;07:04:00;-3971;-1730;0.71;1.04E+07;0.011248;0.28;-40;8;-6;0.0112065;-2.73;0.28
E-13C@19;23.02.2021;30;07:08:00;-3928;-1703;0.72;1.04E+07;0.011253;0.37;-39;8;-5;0.0112119;-2.25;0.37
E-13C@20;23.02.2021;30;07:13:00;-3885;-1676;0.72;1.03E+07;0.011245;0.28;-39;5;-8;0.0112041;-2.95;0.28
E-13C@21;23.02.2021;30;07:17:00;-3842;-1649;0.7;1.04E+07;0.011265;0.37;-39;7;-8;0.0112239;-1.18;0.37
E-13C@22;23.02.2021;30;07:22:00;-3799;-1622;0.7;1.06E+07;0.011225;0.28;-39;7;-7;0.0111837;-4.76;0.28
E-13C@23;23.02.2021;30;07:26:00;-3756;-1595;0.7;1.08E+07;0.011241;0.28;-39;7;-6;0.0112004;-3.28;0.28
E-13C@24;23.02.2021;30;07:31:00;-3713;-1568;0.69;1.05E+07;0.011253;0.33;-39;6;-7;0.0112123;-2.22;0.33
E-13C@25;23.02.2021;30;07:35:00;-3670;-1541;0.68;1.10E+07;0.011249;0.27;-38;7;-5;0.0112082;-2.58;0.27
E-13C@26;23.02.2021;30;07:40:00;-3627;-1514;0.68;1.10E+07;0.011249;0.27;-36;5;-5;0.0112078;-2.62;0.27
E-13C@27;23.02.2021;30;07:45:00;-3584;-1487;0.68;4.10E+07;0.010919;0.18;-41;-9;-31;0.0108787;-31.91;0.18
E-13C@28;23.02.2021;30;07:49:00;-3541;-1459;0.68;1.17E+07;0.011226;0.27;-34;6;-7;0.0111854;-4.61;0.27
E-13C@29;23.02.2021;30;07:54:00;-3513;-1439;0.69;1.16E+07;0.011216;0.26;-35;5;-6;0.0111753;-5.5;0.26
E-13C@30;23.02.2021;30;07:58:00;-3485;-1419;0.67;1.08E+07;0.011242;0.27;-36;5;-4;0.0112004;-3.27;0.27
E-13C@31;23.02.2021;30;08:08:00;-3457;-1399;0.67;1.08E+07;0.011229;0.27;-35;5;-6;0.011188;-4.38;0.27
E-13C@32;23.02.2021;30;08:12:00;-3429;-1379;0.68;1.14E+07;0.011221;0.28;-35;5;-4;0.0111796;-5.12;0.28
E-13C@33;23.02.2021;30;08:17:00;-3401;-1359;0.68;1.11E+07;0.011222;0.31;-34;5;-6;0.0111807;-5.03;0.31
E-13C@34;23.02.2021;30;08:21:00;-3373;-1339;0.66;1.59E+07;0.011123;0.23;-33;3;-9;0.0110826;-13.76;0.23
E-13C@35;23.02.2021;30;08:26:00;-3345;-1319;0.66;1.11E+07;0.011194;0.27;-32;3;-7;0.0111533;-7.46;0.27
E-13C@36;23.02.2021;30;08:31:00;-3317;-1298;0.66;1.68E+07;0.011085;0.24;-38;7;1;0.0110449;-17.11;0.24
E-13C@37;23.02.2021;30;08:35:00;-3289;-1277;0.66;1.37E+07;0.011148;0.3;-35;3;1;0.0111072;-11.57;0.3
E-13C@38;23.02.2021;30;08:40:00;-3261;-1256;0.66;1.06E+07;0.011185;0.27;-34;5;-6;0.0111438;-8.31;0.27
E-13C@39;23.02.2021;30;08:44:00;-3233;-1235;0.66;1.23E+07;0.011168;0.34;-31;4;-4;0.0111272;-9.79;0.34
E-13C@40;23.02.2021;30;08:49:00;-3205;-1214;0.66;1.03E+07;0.011202;0.29;-32;4;-4;0.0111612;-6.76;0.29
E-13C@41;23.02.2021;30;08:53:00;-3176;-1193;0.65;1.13E+07;0.011191;0.37;-34;3;-2;0.0111496;-7.79;0.37
E-13C@42;23.02.2021;30;08:58:00;-3147;-1172;0.64;4.03E+07;0.010958;0.17;-36;5;2;0.0109182;-28.39;0.17
E-13C@43;23.02.2021;30;09:03:00;-3118;-1151;0.65;1.01E+07;0.011194;0.3;-32;4;-6;0.0111529;-7.51;0.3
G-13C@01;22.02.2021;30;22:14:00;5424;-1533;1.31;1.50E+07;0.011252;0.3;18;6;-14;0.0112113;-2.31;0.3
G-13C@02;22.02.2021;30;22:18:00;5377;-1515;1.32;1.48E+07;0.011251;0.26;18;5;-12;0.01121;-2.42;0.26
G-13C@03;22.02.2021;30;22:23:00;5330;-1497;1.3;1.48E+07;0.011251;0.25;17;5;-13;0.0112095;-2.46;0.25
G-13C@04;22.02.2021;30;22:27:00;5283;-1479;1.3;1.49E+07;0.011242;0.25;17;5;-10;0.0112008;-3.24;0.25
G-13C@05;22.02.2021;30;22:32:00;5236;-1461;1.28;1.49E+07;0.011235;0.29;17;5;-13;0.0111941;-3.84;0.29
G-13C@06;22.02.2021;30;22:36:00;5189;-1443;1.28;1.49E+07;0.011245;0.28;16;5;-11;0.0112036;-2.99;0.28
G-13C@07;22.02.2021;30;22:41:00;5142;-1425;1.29;1.48E+07;0.011252;0.27;15;2;-13;0.0112112;-2.32;0.27
G-13C@08;22.02.2021;30;22:45:00;5095;-1406;1.27;1.45E+07;0.011237;0.3;13;3;-10;0.0111956;-3.7;0.3
G-13C@09;22.02.2021;30;22:50:00;5048;-1387;1.27;1.46E+07;0.011251;0.31;12;5;-9;0.0112096;-2.45;0.31
G-13C@10;22.02.2021;30;22:55:00;5001;-1368;1.24;1.50E+07;0.01125;0.24;14;5;-12;0.0112093;-2.48;0.24
G-13C@11;22.02.2021;30;22:59:00;4954;-1349;1.23;1.46E+07;0.011266;0.23;12;3;-11;0.011225;-1.09;0.23
G-13C@12;22.02.2021;30;23:04:00;4907;-1330;1.24;1.46E+07;0.011246;0.33;11;5;-10;0.0112048;-2.88;0.33
G-13C@13;22.02.2021;30;23:08:00;4861;-1311;1.24;1.42E+07;0.011231;0.28;10;3;-9;0.01119;-4.2;0.28
G-13C@14;22.02.2021;30;23:18:00;4814;-1292;1.2;1.42E+07;0.011235;0.24;10;4;-9;0.0111938;-3.86;0.24
G-13C@15;22.02.2021;30;23:22:00;4767;-1273;1.19;1.41E+07;0.011221;0.31;9;1;-10;0.0111796;-5.13;0.31
G-13C@16;22.02.2021;30;23:27:00;4720;-1254;1.18;1.41E+07;0.011217;0.24;9;3;-9;0.0111758;-5.46;0.24
G-13C@17;22.02.2021;30;23:31:00;4673;-1235;1.16;1.41E+07;0.011214;0.36;8;2;-8;0.0111725;-5.75;0.36
G-13C@18;22.02.2021;30;23:36:00;4640;-1223;1.16;1.41E+07;0.011227;0.25;7;3;-10;0.0111855;-4.6;0.25
G-13C@19;22.02.2021;30;23:40:00;4607;-1211;1.17;1.39E+07;0.011262;0.31;8;1;-10;0.0112209;-1.45;0.31
G-13C@20;22.02.2021;30;23:45:00;4575;-1199;1.16;1.54E+07;0.011243;0.23;7;1;-6;0.0112015;-3.18;0.23
G-13C@21;22.02.2021;30;23:50:00;4543;-1187;1.16;1.40E+07;0.01124;0.24;7;3;-11;0.0111988;-3.41;0.24
G-13C@22;22.02.2021;30;23:54:00;4511;-1175;1.17;1.52E+07;0.01121;0.23;6;3;-9;0.0111689;-6.07;0.23
G-13C@23;22.02.2021;30;23:59:00;4478;-1163;1.15;1.37E+07;0.011224;0.26;6;2;-11;0.0111834;-4.79;0.26
G-13C@24;23.02.2021;30;00:03:00;4446;-1151;1.14;1.37E+07;0.011235;0.27;6;2;-11;0.0111937;-3.87;0.27
G-13C@25;23.02.2021;30;00:08:00;4414;-1139;1.12;1.37E+07;0.011219;0.24;6;2;-10;0.0111781;-5.26;0.24
G-13C@26;23.02.2021;30;00:12:00;4382;-1127;1.11;3.48E+07;0.011063;0.17;6;3;-12;0.0110224;-19.12;0.17
G-13C@27;23.02.2021;30;00:17:00;4350;-1115;1.11;1.77E+07;0.011174;0.27;5;2;-10;0.0111333;-9.24;0.27
G-13C@28;23.02.2021;30;00:31:00;4318;-1103;1.11;1.48E+07;0.011208;0.31;5;2;-9;0.0111667;-6.27;0.31
G-13C@29;23.02.2021;30;00:36:00;4285;-1091;1.1;1.41E+07;0.01121;0.25;4;0;-10;0.0111689;-6.08;0.25
G-13C@30;23.02.2021;30;00:40:00;4253;-1079;1.1;1.44E+07;0.011207;0.24;4;3;-9;0.0111659;-6.34;0.24
G-13C@31;23.02.2021;30;00:45:00;4221;-1066;1.09;2.36E+07;0.011126;0.23;5;2;-12;0.0110855;-13.5;0.23
G-13C@32;23.02.2021;30;00:49:00;4189;-1053;1.09;3.71E+07;0.011064;0.2;6;3;-11;0.0110235;-19.02;0.2
G-13C@33;23.02.2021;30;00:54:00;4157;-1040;1.09;3.41E+07;0.011013;0.19;-2;5;8;0.0109726;-23.55;0.19
G-13C@34;23.02.2021;30;00:58:00;4124;-1027;1.08;6.59E+07;0.010894;0.38;10;-2;-23;0.0108542;-34.09;0.38
G-13C@35;23.02.2021;30;01:03:00;4093;-1014;1.06;1.81E+07;0.011139;0.24;4;-1;-14;0.0110986;-12.33;0.24
G-13C@36;23.02.2021;30;01:07:00;4060;-1001;1.05;1.43E+07;0.011199;0.28;2;0;-12;0.0111578;-7.06;0.28
H-13C@01;22.02.2021;30;19:42:00;5491;1081;1.51;1.64E+07;0.011255;0.28;24;-10;-14;0.0112133;-2.12;0.28
H-13C@02;22.02.2021;30;19:47:00;5459;1066;1.49;1.62E+07;0.011247;0.26;23;-9;-15;0.0112055;-2.82;0.26
H-13C@03;22.02.2021;30;19:51:00;5427;1051;1.49;1.64E+07;0.011225;0.29;22;-9;-15;0.0111843;-4.71;0.29
H-13C@04;22.02.2021;30;19:56:00;5396;1037;1.47;1.64E+07;0.011234;0.25;23;-10;-16;0.0111931;-3.92;0.25
H-13C@05;22.02.2021;30;20:01:00;5365;1023;1.48;1.67E+07;0.011244;0.25;22;-9;-16;0.011203;-3.04;0.25
H-13C@06;22.02.2021;30;20:05:00;5333;1008;1.48;1.68E+07;0.011237;0.22;21;-8;-15;0.0111955;-3.71;0.22
H-13C@07;22.02.2021;30;20:10:00;5302;994;1.49;1.65E+07;0.011257;0.22;21;-9;-15;0.0112156;-1.92;0.22
H-13C@08;22.02.2021;30;20:14:00;5271;980;1.48;1.62E+07;0.011263;0.22;20;-10;-15;0.0112217;-1.38;0.22
H-13C@09;22.02.2021;30;20:19:00;5239;966;1.43;1.60E+07;0.011268;0.22;19;-9;-13;0.0112273;-0.89;0.22
H-13C@10;22.02.2021;30;20:23:00;5208;951;1.41;1.58E+07;0.011244;0.27;18;-7;-15;0.0112033;-3.02;0.27
H-13C@11;22.02.2021;30;20:28:00;5177;937;1.38;1.65E+07;0.011238;0.24;18;-8;-13;0.0111971;-3.57;0.24
H-13C@12;22.02.2021;30;20:42:00;5145;923;1.4;1.63E+07;0.011228;0.25;18;-7;-15;0.0111868;-4.48;0.25
H-13C@13;22.02.2021;30;20:46:00;5114;908;1.4;1.60E+07;0.011235;0.28;18;-7;-14;0.0111943;-3.82;0.28
H-13C@14;22.02.2021;30;20:51:00;5083;894;1.39;1.56E+07;0.01122;0.25;16;-7;-13;0.011179;-5.18;0.25
H-13C@15;22.02.2021;30;20:56:00;5051;880;1.37;1.61E+07;0.011215;0.23;15;-9;-14;0.0111743;-5.6;0.23
H-13C@16;22.02.2021;30;21:00:00;5020;866;1.38;1.58E+07;0.01122;0.22;16;-7;-14;0.0111793;-5.16;0.22
H-13C@17;22.02.2021;30;21:05:00;4989;851;1.38;1.60E+07;0.011214;0.23;16;-7;-14;0.0111728;-5.73;0.23
H-13C@18;22.02.2021;30;21:09:00;4957;837;1.4;1.61E+07;0.011213;0.27;16;-6;-12;0.0111716;-5.84;0.27
H-13C@19;22.02.2021;30;21:14:00;4926;823;1.42;1.59E+07;0.01121;0.28;15;-9;-15;0.0111692;-6.05;0.28
H-13C@20;22.02.2021;30;21:18:00;4895;808;1.4;1.56E+07;0.011222;0.24;14;-8;-15;0.0111812;-4.98;0.24
H-13C@21;22.02.2021;30;21:23:00;4864;794;1.38;1.55E+07;0.011233;0.23;13;-7;-13;0.0111919;-4.03;0.23
H-13C@22;22.02.2021;30;21:28:00;4832;780;1.36;1.57E+07;0.011241;0.26;13;-7;-13;0.0111995;-3.35;0.26
H-13C@23;22.02.2021;30;21:32:00;4801;766;1.36;1.61E+07;0.011251;0.22;11;-7;-12;0.0112102;-2.4;0.22
H-13C@24;22.02.2021;30;21:37:00;4770;751;1.36;1.56E+07;0.011253;0.23;12;-6;-13;0.0112122;-2.23;0.23
H-13C@25;22.02.2021;30;21:41:00;4738;737;1.37;1.55E+07;0.01123;0.26;12;-6;-12;0.0111891;-4.28;0.26
H-13C@26;22.02.2021;30;21:46:00;4707;723;1.35;1.67E+07;0.011215;0.28;10;-5;-12;0.0111741;-5.62;0.28
H-13C@27;22.02.2021;30;22:00:00;4676;709;1.32;2.93E+07;0.011045;0.2;13;-10;-21;0.0110043;-20.73;0.2
H-13C@28;22.02.2021;30;22:04:00;4644;694;1.34;2.51E+07;0.011082;0.3;10;-9;-20;0.011041;-17.46;0.3
H-13C@29;22.02.2021;30;22:09:00;4614;681;1.33;1.57E+07;0.011219;0.26;9;-5;-12;0.0111775;-5.31;0.26
J-13C@01;23.02.2021;30;09:07:00;-3804;2249;0.63;9.68E+06;0.011196;0.29;-35;-5;-6;0.0111549;-7.32;0.29
J-13C@02;23.02.2021;30;09:12:00;-3797;2294;0.63;9.68E+06;0.011175;0.29;-36;-4;-7;0.0111343;-9.15;0.29
J-13C@03;23.02.2021;30;09:26:00;-3790;2339;0.63;9.81E+06;0.011194;0.29;-35;-5;-6;0.0111526;-7.53;0.29
J-13C@04;23.02.2021;30;09:30:00;-3782;2384;0.62;1.00E+07;0.011159;0.31;-37;-6;-7;0.0111178;-10.63;0.31
J-13C@05;23.02.2021;30;09:35:00;-3774;2429;0.64;9.83E+06;0.011176;0.32;-36;-5;-6;0.0111352;-9.08;0.32
J-13C@06;23.02.2021;30;09:39:00;-3766;2474;0.65;9.82E+06;0.0112;0.29;-35;-6;-6;0.0111589;-6.96;0.29
J-13C@07;23.02.2021;30;09:44:00;-3758;2519;0.65;9.76E+06;0.011164;0.29;-37;-6;-7;0.0111236;-10.11;0.29
J-13C@08;23.02.2021;30;09:49:00;-3750;2564;0.64;9.98E+06;0.011164;0.31;-35;-7;-10;0.0111232;-10.14;0.31
J-13C@09;23.02.2021;30;09:53:00;-3742;2609;0.64;9.82E+06;0.011178;0.29;-35;-6;-7;0.011137;-8.92;0.29
J-13C@10;23.02.2021;30;09:58:00;-3735;2643;0.63;9.73E+06;0.011183;0.3;-37;-7;-6;0.0111418;-8.49;0.3
J-13C@11;23.02.2021;30;10:02:00;-3728;2677;0.63;1.00E+07;0.01116;0.28;-35;-8;-8;0.0111194;-10.48;0.28
J-13C@12;23.02.2021;30;10:07:00;-3721;2711;0.63;9.83E+06;0.011141;0.29;-35;-7;-8;0.0111005;-12.16;0.29
J-13C@13;23.02.2021;30;10:11:00;-3714;2745;0.63;9.71E+06;0.011154;0.29;-35;-9;-7;0.0111132;-11.04;0.29
J-13C@14;23.02.2021;30;10:16:00;-3707;2779;0.63;9.81E+06;0.011157;0.33;-36;-10;-9;0.0111159;-10.79;0.33
J-13C@15;23.02.2021;30;10:21:00;-3700;2814;0.63;9.82E+06;0.011157;0.32;-35;-8;-7;0.0111165;-10.74;0.32
J-13C@16;23.02.2021;30;10:25:00;-3693;2848;0.64;9.77E+06;0.011128;0.31;-35;-9;-9;0.0110873;-13.34;0.31
J-13C@17;23.02.2021;30;10:30:00;-3686;2882;0.64;9.81E+06;0.011176;0.29;-36;-9;-6;0.0111347;-9.13;0.29
J-13C@18;23.02.2021;30;10:39:00;-3679;2916;0.62;9.95E+06;0.011155;0.32;-35;-11;-8;0.0111138;-10.98;0.32
J-13C@19;23.02.2021;30;10:44:00;-3672;2951;0.62;9.88E+06;0.011158;0.28;-36;-10;-8;0.0111172;-10.68;0.28
J-13C@20;23.02.2021;30;10:48:00;-3665;2985;0.62;9.88E+06;0.011158;0.28;-35;-11;-8;0.0111176;-10.64;0.28
J-13C@21;23.02.2021;30;10:53:00;-3658;3019;0.62;9.90E+06;0.011158;0.28;-36;-10;-7;0.0111174;-10.66;0.28
J-13C@22;23.02.2021;30;10:58:00;-3651;3053;0.62;9.82E+06;0.01116;0.29;-36;-10;-5;0.0111188;-10.53;0.29
J-13C@23;23.02.2021;30;11:02:00;-3644;3088;0.62;9.78E+06;0.011157;0.29;-37;-10;-7;0.011116;-10.79;0.29
J-13C@24;23.02.2021;30;11:07:00;-3637;3122;0.62;1.07E+07;0.011132;0.27;-36;-10;-9;0.0110918;-12.94;0.27
J-13C@25;23.02.2021;30;11:11:00;-3629;3156;0.63;9.77E+06;0.011156;0.29;-36;-10;-8;0.0111154;-10.84;0.29
J-13C@26;23.02.2021;30;11:16:00;-3621;3191;0.61;1.02E+07;0.011131;0.41;-38;-8;-6;0.0110902;-13.08;0.41
J-13C@27;23.02.2021;30;11:20:00;-3613;3225;0.62;1.47E+07;0.011041;0.25;-36;-9;-5;0.0110006;-21.06;0.25
J-13C@28;23.02.2021;30;11:25:00;-3605;3259;0.61;1.11E+07;0.011093;0.3;-37;-12;-8;0.011052;-16.48;0.3
J-13C@29;23.02.2021;30;11:30:00;-3597;3293;0.61;9.65E+06;0.011108;0.29;-38;-12;-4;0.0110669;-15.16;0.29
J-13C@30;23.02.2021;30;11:34:00;-3589;3327;0.6;1.04E+07;0.01111;0.31;-37;-11;-6;0.0110694;-14.93;0.31
J-13C@31;23.02.2021;30;11:39:00;-3581;3362;0.61;1.14E+07;0.011082;0.27;-37;-11;-6;0.0110416;-17.41;0.27
J-13C@32;23.02.2021;30;11:43:00;-3573;3396;0.61;9.79E+06;0.011106;0.32;-37;-12;-7;0.0110652;-15.3;0.32
K-13c@01;22.02.2021;30;16:49:00;1007;4528;1.69;1.82E+07;0.011177;0.24;3;-14;-9;0.0111365;-8.96;0.24
K-13c@02;22.02.2021;30;16:53:00;992;4481;1.68;1.94E+07;0.011146;0.28;3;-14;-9;0.0111053;-11.74;0.28
K-13c@03;22.02.2021;30;16:58:00;977;4434;1.67;1.81E+07;0.011171;0.21;2;-11;-8;0.0111304;-9.5;0.21
K-13c@04;22.02.2021;30;17:02:00;962;4388;1.65;1.78E+07;0.011143;0.28;0;-11;-9;0.0111026;-11.98;0.28
K-13c@05;22.02.2021;30;17:07:00;948;4342;1.63;1.78E+07;0.011141;0.27;0;-11;-8;0.0111003;-12.18;0.27
K-13c@06;22.02.2021;30;17:11:00;933;4295;1.62;1.85E+07;0.01116;0.23;0;-10;-11;0.0111189;-10.53;0.23
K-13c@07;22.02.2021;30;17:16:00;919;4249;1.65;1.82E+07;0.011188;0.21;0;-11;-9;0.0111467;-8.05;0.21
K-13c@08;22.02.2021;30;17:21:00;904;4203;1.64;1.80E+07;0.011152;0.26;0;-9;-9;0.0111111;-11.23;0.26
K-13c@09;22.02.2021;30;17:25:00;890;4157;1.6;1.77E+07;0.011166;0.21;-1;-8;-8;0.0111249;-9.99;0.21
K-13c@10;22.02.2021;30;17:30:00;875;4110;1.6;1.77E+07;0.011162;0.27;-2;-10;-9;0.0111212;-10.32;0.27
K-13c@11;22.02.2021;30;17:34:00;860;4065;1.61;1.83E+07;0.011167;0.24;-2;-8;-7;0.0111265;-9.85;0.24
K-13c@12;22.02.2021;30;17:39:00;847;4018;1.62;1.75E+07;0.011166;0.25;-1;-8;-9;0.0111249;-9.99;0.25
K-13c@13;22.02.2021;30;17:43:00;837;3985;1.59;1.75E+07;0.011165;0.27;-1;-7;-9;0.0111241;-10.07;0.27
K-13c@14;22.02.2021;30;17:48:00;827;3952;1.58;1.83E+07;0.011155;0.29;-1;-8;-12;0.0111146;-10.91;0.29
K-13c@15;22.02.2021;30;17:52:00;818;3920;1.58;1.79E+07;0.011151;0.21;-2;-8;-10;0.0111103;-11.3;0.21
K-13c@16;22.02.2021;30;18:06:00;809;3888;1.58;1.86E+07;0.011157;0.25;-2;-7;-10;0.0111167;-10.73;0.25
K-13c@17;22.02.2021;30;18:11:00;799;3855;1.56;1.92E+07;0.011141;0.22;-4;-6;-10;0.0111003;-12.18;0.22
K-13c@18;22.02.2021;30;18:15:00;790;3823;1.53;1.83E+07;0.011153;0.21;-2;-7;-12;0.0111118;-11.16;0.21
K-13c@19;22.02.2021;30;18:20:00;781;3791;1.54;1.93E+07;0.011132;0.21;-3;-5;-9;0.0110917;-12.95;0.21
K-13c@20;22.02.2021;30;18:25:00;772;3759;1.55;1.92E+07;0.011142;0.24;-5;-6;-10;0.011101;-12.12;0.24
K-13c@21;22.02.2021;30;18:29:00;762;3726;1.57;1.89E+07;0.01115;0.22;-4;-6;-8;0.0111092;-11.39;0.22
K-13c@22;22.02.2021;30;18:34:00;753;3694;1.57;1.83E+07;0.011153;0.25;-3;-5;-9;0.0111127;-11.08;0.25
K-13c@23;22.02.2021;30;18:38:00;744;3662;1.55;1.82E+07;0.011161;0.27;-3;-6;-12;0.0111202;-10.41;0.27
K-13c@24;22.02.2021;30;18:43:00;735;3630;1.57;1.86E+07;0.011154;0.21;-3;-6;-12;0.0111136;-11;0.21
K-13c@25;22.02.2021;30;18:47:00;726;3598;1.56;2.76E+07;0.011022;0.19;-6;-5;-9;0.010982;-22.71;0.19
K-13c@26;22.02.2021;30;18:52:00;716;3565;1.53;1.94E+07;0.011122;0.26;-3;-5;-10;0.0110809;-13.91;0.26
K-13c@27;22.02.2021;30;18:56:00;707;3533;1.52;2.02E+07;0.011129;0.26;-4;-4;-10;0.0110886;-13.23;0.26
K-13c@28;22.02.2021;30;19:01:00;698;3501;1.54;2.15E+07;0.011096;0.24;-5;-4;-11;0.0110554;-16.18;0.24
K-13c@29;22.02.2021;30;19:06:00;688;3468;1.54;2.39E+07;0.011055;0.18;-6;-5;-14;0.0110149;-19.78;0.18
K-13c@30;22.02.2021;30;19:10:00;679;3436;1.55;2.12E+07;0.011071;0.24;-6;-3;-13;0.0110305;-18.39;0.24
K-13c@31;22.02.2021;30;19:19:00;670;3404;1.54;1.76E+07;0.011117;0.24;-6;-3;-9;0.0110764;-14.31;0.24
K-13c@32;22.02.2021;30;19:24:00;661;3372;1.52;1.87E+07;0.011096;0.24;-6;-3;-10;0.0110559;-16.14;0.24
K-13c@33;22.02.2021;30;19:28:00;652;3340;1.54;5.76E+07;0.010732;1.58;0;6;-23;0.0106927;-48.45;1.58
K-13c@34;22.02.2021;30;19:33:00;642;3307;1.54;1.70E+07;0.011108;0.28;-6;-4;-11;0.0110671;-15.14;0.28
K-13c@35;22.02.2021;30;19:38:00;634;3276;1.52;1.69E+07;0.011114;0.26;-7;-3;-10;0.0110731;-14.61;0.26
